log_id,employee_code,employee_name,department,method,action,device_id,device_name,check_time,location,gps_lat,gps_lng,confidence
"LOG-2-0001","EMP-2002","Trần Thị B 2","Engineering","Nhận diện Khuôn mặt","Giờ vào","DEV-01","Máy quét cổng chính","01/02/2026 07:31:10","Văn phòng chính","10.7626","106.6601","0.99"
"LOG-2-0002","EMP-2013","Hồ Văn N 13","Engineering","Nhận diện Khuôn mặt","Giờ vào","DEV-01","Máy quét cổng chính","01/02/2026 08:04:10","Văn phòng chính","10.7626","106.6601","0.99"
"LOG-2-0003","EMP-2012","Đỗ Thị M 12","Engineering","Nhận diện Khuôn mặt","Giờ vào","DEV-01","Máy quét cổng chính","01/02/2026 08:13:43","Văn phòng chính","10.7626","106.6601","0.99"
"LOG-2-0004","EMP-2012","Đỗ Thị M 12","Engineering","Nhận diện Khuôn mặt","Giờ ra","DEV-01","Máy quét cổng chính","01/02/2026 17:06:02","Văn phòng chính","10.7626","106.6601","0.98"
"LOG-2-0005","EMP-2002","Trần Thị B 2","Engineering","Nhận diện Khuôn mặt","Giờ ra","DEV-01","Máy quét cổng chính","01/02/2026 17:27:27","Văn phòng chính","10.7626","106.6601","0.98"
"LOG-2-0006","EMP-2013","Hồ Văn N 13","Engineering","Nhận diện Khuôn mặt","Giờ ra","DEV-01","Máy quét cổng chính","01/02/2026 17:35:48","Văn phòng chính","10.7626","106.6601","0.98"
"LOG-2-0007","EMP-2008","Bùi Thị H 8","Engineering","Nhận diện Khuôn mặt","Giờ vào","DEV-01","Máy quét cổng chính","02/02/2026 07:19:52","Văn phòng chính","10.7626","106.6601","0.99"
"LOG-2-0008","EMP-2007","Đặng Văn G 7","Engineering","Nhận diện Khuôn mặt","Giờ vào","DEV-01","Máy quét cổng chính","02/02/2026 07:20:53","Văn phòng chính","10.7626","106.6601","0.99"
"LOG-2-0009","EMP-2010","Lý Thị K 10","Engineering","Nhận diện Khuôn mặt","Giờ vào","DEV-01","Máy quét cổng chính","02/02/2026 07:22:25","Văn phòng chính","10.7626","106.6601","0.99"
"LOG-2-0010","EMP-2015","Dương Văn P 15","Engineering","Nhận diện Khuôn mặt","Giờ vào","DEV-01","Máy quét cổng chính","02/02/2026 07:28:35","Văn phòng chính","10.7626","106.6601","0.99"
"LOG-2-0011","EMP-2013","Hồ Văn N 13","Engineering","Nhận diện Khuôn mặt","Giờ vào","DEV-01","Máy quét cổng chính","02/02/2026 07:29:05","Văn phòng chính","10.7626","106.6601","0.99"
"LOG-2-0012","EMP-2014","Huỳnh Thị O 14","Engineering","Nhận diện Khuôn mặt","Giờ vào","DEV-01","Máy quét cổng chính","02/02/2026 07:42:58","Văn phòng chính","10.7626","106.6601","0.99"
"LOG-2-0013","EMP-2003","Lê Văn C 3","Engineering","Nhận diện Khuôn mặt","Giờ vào","DEV-01","Máy quét cổng chính","02/02/2026 07:45:22","Văn phòng chính","10.7626","106.6601","0.99"
"LOG-2-0014","EMP-2002","Trần Thị B 2","Engineering","Nhận diện Khuôn mặt","Giờ vào","DEV-01","Máy quét cổng chính","02/02/2026 07:52:04","Văn phòng chính","10.7626","106.6601","0.99"
"LOG-2-0015","EMP-2012","Đỗ Thị M 12","Engineering","Ứng dụng Di động","Giờ vào","DEV-01","Điện thoại cá nhân","02/02/2026 08:00:06","Văn phòng chính","10.7626","106.6601","0.99"
"LOG-2-0016","EMP-2011","Trịnh Văn L 11","Engineering","Nhận diện Khuôn mặt","Giờ vào","DEV-01","Máy quét cổng chính","02/02/2026 08:12:31","Văn phòng chính","10.7626","106.6601","0.99"
"LOG-2-0017","EMP-2001","Nguyễn Văn A 1 (Test)","Engineering","Nhận diện Khuôn mặt","Giờ vào","DEV-01","Máy quét cổng chính","02/02/2026 08:12:57","Văn phòng chính","10.7626","106.6601","0.99"
"LOG-2-0018","EMP-2013","Hồ Văn N 13","Engineering","Nhận diện Khuôn mặt","Giờ ra","DEV-01","Máy quét cổng chính","02/02/2026 17:02:27","Văn phòng chính","10.7626","106.6601","0.98"
"LOG-2-0019","EMP-2012","Đỗ Thị M 12","Engineering","Ứng dụng Di động","Giờ ra","DEV-01","Điện thoại cá nhân","02/02/2026 17:16:15","Văn phòng chính","10.7626","106.6601","0.98"
"LOG-2-0020","EMP-2002","Trần Thị B 2","Engineering","Nhận diện Khuôn mặt","Giờ ra","DEV-01","Máy quét cổng chính","02/02/2026 17:16:22","Văn phòng chính","10.7626","106.6601","0.98"
"LOG-2-0021","EMP-2011","Trịnh Văn L 11","Engineering","Nhận diện Khuôn mặt","Giờ ra","DEV-01","Máy quét cổng chính","02/02/2026 17:16:29","Văn phòng chính","10.7626","106.6601","0.98"
"LOG-2-0022","EMP-2007","Đặng Văn G 7","Engineering","Nhận diện Khuôn mặt","Giờ ra","DEV-01","Máy quét cổng chính","02/02/2026 17:18:41","Văn phòng chính","10.7626","106.6601","0.98"
"LOG-2-0023","EMP-2008","Bùi Thị H 8","Engineering","Nhận diện Khuôn mặt","Giờ ra","DEV-01","Máy quét cổng chính","02/02/2026 17:33:28","Văn phòng chính","10.7626","106.6601","0.98"
"LOG-2-0024","EMP-2015","Dương Văn P 15","Engineering","Nhận diện Khuôn mặt","Giờ ra","DEV-01","Máy quét cổng chính","02/02/2026 17:34:45","Văn phòng chính","10.7626","106.6601","0.98"
"LOG-2-0025","EMP-2014","Huỳnh Thị O 14","Engineering","Nhận diện Khuôn mặt","Giờ ra","DEV-01","Máy quét cổng chính","02/02/2026 17:39:55","Văn phòng chính","10.7626","106.6601","0.98"
"LOG-2-0026","EMP-2010","Lý Thị K 10","Engineering","Nhận diện Khuôn mặt","Giờ ra","DEV-01","Máy quét cổng chính","02/02/2026 17:53:26","Văn phòng chính","10.7626","106.6601","0.98"
"LOG-2-0027","EMP-2001","Nguyễn Văn A 1 (Test)","Engineering","Nhận diện Khuôn mặt","Giờ ra","DEV-01","Máy quét cổng chính","02/02/2026 18:05:35","Văn phòng chính","10.7626","106.6601","0.98"
"LOG-2-0028","EMP-2003","Lê Văn C 3","Engineering","Nhận diện Khuôn mặt","Giờ ra","DEV-01","Máy quét cổng chính","02/02/2026 18:40:24","Văn phòng chính","10.7626","106.6601","0.98"
"LOG-2-0029","EMP-2003","Lê Văn C 3","Engineering","Nhận diện Khuôn mặt","Giờ vào","DEV-01","Máy quét cổng chính","03/02/2026 07:17:48","Văn phòng chính","10.7626","106.6601","0.99"
"LOG-2-0030","EMP-2010","Lý Thị K 10","Engineering","Nhận diện Khuôn mặt","Giờ vào","DEV-01","Máy quét cổng chính","03/02/2026 07:26:07","Văn phòng chính","10.7626","106.6601","0.99"
"LOG-2-0031","EMP-2011","Trịnh Văn L 11","Engineering","Nhận diện Khuôn mặt","Giờ vào","DEV-01","Máy quét cổng chính","03/02/2026 07:32:06","Văn phòng chính","10.7626","106.6601","0.99"
"LOG-2-0032","EMP-2007","Đặng Văn G 7","Engineering","Ứng dụng Di động","Giờ vào","DEV-01","Điện thoại cá nhân","03/02/2026 07:32:36","Văn phòng chính","10.7626","106.6601","0.99"
"LOG-2-0033","EMP-2001","Nguyễn Văn A 1 (Test)","Engineering","Ứng dụng Di động","Giờ vào","DEV-01","Điện thoại cá nhân","03/02/2026 07:34:46","Văn phòng chính","10.7626","106.6601","0.99"
"LOG-2-0034","EMP-2012","Đỗ Thị M 12","Engineering","Nhận diện Khuôn mặt","Giờ vào","DEV-01","Máy quét cổng chính","03/02/2026 07:40:24","Văn phòng chính","10.7626","106.6601","0.99"
"LOG-2-0035","EMP-2004","Phạm Thị D 4","Engineering","Nhận diện Khuôn mặt","Giờ vào","DEV-01","Máy quét cổng chính","03/02/2026 07:47:34","Văn phòng chính","10.7626","106.6601","0.99"
"LOG-2-0036","EMP-2013","Hồ Văn N 13","Engineering","Nhận diện Khuôn mặt","Giờ vào","DEV-01","Máy quét cổng chính","03/02/2026 07:52:49","Văn phòng chính","10.7626","106.6601","0.99"
"LOG-2-0037","EMP-2002","Trần Thị B 2","Engineering","Nhận diện Khuôn mặt","Giờ vào","DEV-01","Máy quét cổng chính","03/02/2026 07:54:39","Văn phòng chính","10.7626","106.6601","0.99"
"LOG-2-0038","EMP-2008","Bùi Thị H 8","Engineering","Nhận diện Khuôn mặt","Giờ vào","DEV-01","Máy quét cổng chính","03/02/2026 07:55:06","Văn phòng chính","10.7626","106.6601","0.99"
"LOG-2-0039","EMP-2014","Huỳnh Thị O 14","Engineering","Nhận diện Khuôn mặt","Giờ vào","DEV-01","Máy quét cổng chính","03/02/2026 08:02:00","Văn phòng chính","10.7626","106.6601","0.99"
"LOG-2-0040","EMP-2015","Dương Văn P 15","Engineering","Nhận diện Khuôn mặt","Giờ vào","DEV-01","Máy quét cổng chính","03/02/2026 08:08:39","Văn phòng chính","10.7626","106.6601","0.99"
"LOG-2-0041","EMP-2015","Dương Văn P 15","Engineering","Nhận diện Khuôn mặt","Giờ ra","DEV-01","Máy quét cổng chính","03/02/2026 17:10:31","Văn phòng chính","10.7626","106.6601","0.98"
"LOG-2-0042","EMP-2013","Hồ Văn N 13","Engineering","Nhận diện Khuôn mặt","Giờ ra","DEV-01","Máy quét cổng chính","03/02/2026 17:19:35","Văn phòng chính","10.7626","106.6601","0.98"
"LOG-2-0043","EMP-2007","Đặng Văn G 7","Engineering","Ứng dụng Di động","Giờ ra","DEV-01","Điện thoại cá nhân","03/02/2026 17:20:37","Văn phòng chính","10.7626","106.6601","0.98"
"LOG-2-0044","EMP-2002","Trần Thị B 2","Engineering","Nhận diện Khuôn mặt","Giờ ra","DEV-01","Máy quét cổng chính","03/02/2026 17:25:51","Văn phòng chính","10.7626","106.6601","0.98"
"LOG-2-0045","EMP-2004","Phạm Thị D 4","Engineering","Nhận diện Khuôn mặt","Giờ ra","DEV-01","Máy quét cổng chính","03/02/2026 17:32:58","Văn phòng chính","10.7626","106.6601","0.98"
"LOG-2-0046","EMP-2011","Trịnh Văn L 11","Engineering","Nhận diện Khuôn mặt","Giờ ra","DEV-01","Máy quét cổng chính","03/02/2026 17:34:48","Văn phòng chính","10.7626","106.6601","0.98"
"LOG-2-0047","EMP-2001","Nguyễn Văn A 1 (Test)","Engineering","Ứng dụng Di động","Giờ ra","DEV-01","Điện thoại cá nhân","03/02/2026 17:43:02","Văn phòng chính","10.7626","106.6601","0.98"
"LOG-2-0048","EMP-2014","Huỳnh Thị O 14","Engineering","Nhận diện Khuôn mặt","Giờ ra","DEV-01","Máy quét cổng chính","03/02/2026 17:50:21","Văn phòng chính","10.7626","106.6601","0.98"
"LOG-2-0049","EMP-2008","Bùi Thị H 8","Engineering","Nhận diện Khuôn mặt","Giờ ra","DEV-01","Máy quét cổng chính","03/02/2026 17:55:13","Văn phòng chính","10.7626","106.6601","0.98"
"LOG-2-0050","EMP-2012","Đỗ Thị M 12","Engineering","Nhận diện Khuôn mặt","Giờ ra","DEV-01","Máy quét cổng chính","03/02/2026 18:05:32","Văn phòng chính","10.7626","106.6601","0.98"
"LOG-2-0051","EMP-2010","Lý Thị K 10","Engineering","Nhận diện Khuôn mặt","Giờ ra","DEV-01","Máy quét cổng chính","03/02/2026 18:24:49","Văn phòng chính","10.7626","106.6601","0.98"
"LOG-2-0052","EMP-2003","Lê Văn C 3","Engineering","Nhận diện Khuôn mặt","Giờ ra","DEV-01","Máy quét cổng chính","03/02/2026 18:33:29","Văn phòng chính","10.7626","106.6601","0.98"
"LOG-2-0053","EMP-2013","Hồ Văn N 13","Engineering","Nhận diện Khuôn mặt","Giờ vào","DEV-01","Máy quét cổng chính","04/02/2026 07:35:18","Văn phòng chính","10.7626","106.6601","0.99"
"LOG-2-0054","EMP-2011","Trịnh Văn L 11","Engineering","Ứng dụng Di động","Giờ vào","DEV-01","Điện thoại cá nhân","04/02/2026 07:40:41","Văn phòng chính","10.7626","106.6601","0.99"
"LOG-2-0055","EMP-2002","Trần Thị B 2","Engineering","Nhận diện Khuôn mặt","Giờ vào","DEV-01","Máy quét cổng chính","04/02/2026 07:41:00","Văn phòng chính","10.7626","106.6601","0.99"
"LOG-2-0056","EMP-2014","Huỳnh Thị O 14","Engineering","Nhận diện Khuôn mặt","Giờ vào","DEV-01","Máy quét cổng chính","04/02/2026 07:42:35","Văn phòng chính","10.7626","106.6601","0.99"
"LOG-2-0057","EMP-2007","Đặng Văn G 7","Engineering","Nhận diện Khuôn mặt","Giờ vào","DEV-01","Máy quét cổng chính","04/02/2026 07:47:26","Văn phòng chính","10.7626","106.6601","0.99"
"LOG-2-0058","EMP-2010","Lý Thị K 10","Engineering","Nhận diện Khuôn mặt","Giờ vào","DEV-01","Máy quét cổng chính","04/02/2026 07:50:14","Văn phòng chính","10.7626","106.6601","0.99"
"LOG-2-0059","EMP-2012","Đỗ Thị M 12","Engineering","Nhận diện Khuôn mặt","Giờ vào","DEV-01","Máy quét cổng chính","04/02/2026 07:50:17","Văn phòng chính","10.7626","106.6601","0.99"
"LOG-2-0060","EMP-2003","Lê Văn C 3","Engineering","Nhận diện Khuôn mặt","Giờ vào","DEV-01","Máy quét cổng chính","04/02/2026 07:56:58","Văn phòng chính","10.7626","106.6601","0.99"
"LOG-2-0061","EMP-2008","Bùi Thị H 8","Engineering","Nhận diện Khuôn mặt","Giờ vào","DEV-01","Máy quét cổng chính","04/02/2026 07:58:34","Văn phòng chính","10.7626","106.6601","0.99"
"LOG-2-0062","EMP-2001","Nguyễn Văn A 1 (Test)","Engineering","Ứng dụng Di động","Giờ vào","DEV-01","Điện thoại cá nhân","04/02/2026 08:05:26","Văn phòng chính","10.7626","106.6601","0.99"
"LOG-2-0063","EMP-2004","Phạm Thị D 4","Engineering","Ứng dụng Di động","Giờ vào","DEV-01","Điện thoại cá nhân","04/02/2026 08:06:29","Văn phòng chính","10.7626","106.6601","0.99"
"LOG-2-0064","EMP-2015","Dương Văn P 15","Engineering","Nhận diện Khuôn mặt","Giờ vào","DEV-01","Máy quét cổng chính","04/02/2026 08:12:13","Văn phòng chính","10.7626","106.6601","0.99"
"LOG-2-0065","EMP-2004","Phạm Thị D 4","Engineering","Ứng dụng Di động","Giờ ra","DEV-01","Điện thoại cá nhân","04/02/2026 17:29:58","Văn phòng chính","10.7626","106.6601","0.98"
"LOG-2-0066","EMP-2001","Nguyễn Văn A 1 (Test)","Engineering","Ứng dụng Di động","Giờ ra","DEV-01","Điện thoại cá nhân","04/02/2026 17:31:16","Văn phòng chính","10.7626","106.6601","0.98"
"LOG-2-0067","EMP-2014","Huỳnh Thị O 14","Engineering","Nhận diện Khuôn mặt","Giờ ra","DEV-01","Máy quét cổng chính","04/02/2026 17:33:26","Văn phòng chính","10.7626","106.6601","0.98"
"LOG-2-0068","EMP-2011","Trịnh Văn L 11","Engineering","Ứng dụng Di động","Giờ ra","DEV-01","Điện thoại cá nhân","04/02/2026 17:42:11","Văn phòng chính","10.7626","106.6601","0.98"
"LOG-2-0069","EMP-2003","Lê Văn C 3","Engineering","Nhận diện Khuôn mặt","Giờ ra","DEV-01","Máy quét cổng chính","04/02/2026 17:48:41","Văn phòng chính","10.7626","106.6601","0.98"
"LOG-2-0070","EMP-2015","Dương Văn P 15","Engineering","Nhận diện Khuôn mặt","Giờ ra","DEV-01","Máy quét cổng chính","04/02/2026 18:07:48","Văn phòng chính","10.7626","106.6601","0.98"
"LOG-2-0071","EMP-2008","Bùi Thị H 8","Engineering","Nhận diện Khuôn mặt","Giờ ra","DEV-01","Máy quét cổng chính","04/02/2026 18:22:16","Văn phòng chính","10.7626","106.6601","0.98"
"LOG-2-0072","EMP-2007","Đặng Văn G 7","Engineering","Nhận diện Khuôn mặt","Giờ ra","DEV-01","Máy quét cổng chính","04/02/2026 18:23:05","Văn phòng chính","10.7626","106.6601","0.98"
"LOG-2-0073","EMP-2002","Trần Thị B 2","Engineering","Nhận diện Khuôn mặt","Giờ ra","DEV-01","Máy quét cổng chính","04/02/2026 18:25:02","Văn phòng chính","10.7626","106.6601","0.98"
"LOG-2-0074","EMP-2010","Lý Thị K 10","Engineering","Nhận diện Khuôn mặt","Giờ ra","DEV-01","Máy quét cổng chính","04/02/2026 18:43:39","Văn phòng chính","10.7626","106.6601","0.98"
"LOG-2-0075","EMP-2013","Hồ Văn N 13","Engineering","Nhận diện Khuôn mặt","Giờ ra","DEV-01","Máy quét cổng chính","04/02/2026 18:49:09","Văn phòng chính","10.7626","106.6601","0.98"
"LOG-2-0076","EMP-2012","Đỗ Thị M 12","Engineering","Nhận diện Khuôn mặt","Giờ ra","DEV-01","Máy quét cổng chính","04/02/2026 18:58:52","Văn phòng chính","10.7626","106.6601","0.98"
"LOG-2-0077","EMP-2012","Đỗ Thị M 12","Engineering","Nhận diện Khuôn mặt","Giờ vào","DEV-01","Máy quét cổng chính","05/02/2026 07:23:53","Văn phòng chính","10.7626","106.6601","0.99"
"LOG-2-0078","EMP-2008","Bùi Thị H 8","Engineering","Nhận diện Khuôn mặt","Giờ vào","DEV-01","Máy quét cổng chính","05/02/2026 07:30:14","Văn phòng chính","10.7626","106.6601","0.99"
"LOG-2-0079","EMP-2013","Hồ Văn N 13","Engineering","Nhận diện Khuôn mặt","Giờ vào","DEV-01","Máy quét cổng chính","05/02/2026 07:36:41","Văn phòng chính","10.7626","106.6601","0.99"
"LOG-2-0080","EMP-2003","Lê Văn C 3","Engineering","Nhận diện Khuôn mặt","Giờ vào","DEV-01","Máy quét cổng chính","05/02/2026 07:37:26","Văn phòng chính","10.7626","106.6601","0.99"
"LOG-2-0081","EMP-2014","Huỳnh Thị O 14","Engineering","Nhận diện Khuôn mặt","Giờ vào","DEV-01","Máy quét cổng chính","05/02/2026 07:38:03","Văn phòng chính","10.7626","106.6601","0.99"
"LOG-2-0082","EMP-2002","Trần Thị B 2","Engineering","Nhận diện Khuôn mặt","Giờ vào","DEV-01","Máy quét cổng chính","05/02/2026 07:43:50","Văn phòng chính","10.7626","106.6601","0.99"
"LOG-2-0083","EMP-2011","Trịnh Văn L 11","Engineering","Nhận diện Khuôn mặt","Giờ vào","DEV-01","Máy quét cổng chính","05/02/2026 07:55:07","Văn phòng chính","10.7626","106.6601","0.99"
"LOG-2-0084","EMP-2007","Đặng Văn G 7","Engineering","Nhận diện Khuôn mặt","Giờ vào","DEV-01","Máy quét cổng chính","05/02/2026 08:01:01","Văn phòng chính","10.7626","106.6601","0.99"
"LOG-2-0085","EMP-2004","Phạm Thị D 4","Engineering","Nhận diện Khuôn mặt","Giờ vào","DEV-01","Máy quét cổng chính","05/02/2026 08:02:34","Văn phòng chính","10.7626","106.6601","0.99"
"LOG-2-0086","EMP-2001","Nguyễn Văn A 1 (Test)","Engineering","Nhận diện Khuôn mặt","Giờ vào","DEV-01","Máy quét cổng chính","05/02/2026 08:05:01","Văn phòng chính","10.7626","106.6601","0.99"
"LOG-2-0087","EMP-2010","Lý Thị K 10","Engineering","Nhận diện Khuôn mặt","Giờ vào","DEV-01","Máy quét cổng chính","05/02/2026 08:06:53","Văn phòng chính","10.7626","106.6601","0.99"
"LOG-2-0088","EMP-2015","Dương Văn P 15","Engineering","Nhận diện Khuôn mặt","Giờ vào","DEV-01","Máy quét cổng chính","05/02/2026 08:13:30","Văn phòng chính","10.7626","106.6601","0.99"
"LOG-2-0089","EMP-2004","Phạm Thị D 4","Engineering","Nhận diện Khuôn mặt","Giờ ra","DEV-01","Máy quét cổng chính","05/02/2026 17:00:50","Văn phòng chính","10.7626","106.6601","0.98"
"LOG-2-0090","EMP-2014","Huỳnh Thị O 14","Engineering","Nhận diện Khuôn mặt","Giờ ra","DEV-01","Máy quét cổng chính","05/02/2026 17:01:54","Văn phòng chính","10.7626","106.6601","0.98"
"LOG-2-0091","EMP-2010","Lý Thị K 10","Engineering","Nhận diện Khuôn mặt","Giờ ra","DEV-01","Máy quét cổng chính","05/02/2026 17:26:06","Văn phòng chính","10.7626","106.6601","0.98"
"LOG-2-0092","EMP-2013","Hồ Văn N 13","Engineering","Nhận diện Khuôn mặt","Giờ ra","DEV-01","Máy quét cổng chính","05/02/2026 17:53:29","Văn phòng chính","10.7626","106.6601","0.98"
"LOG-2-0093","EMP-2008","Bùi Thị H 8","Engineering","Nhận diện Khuôn mặt","Giờ ra","DEV-01","Máy quét cổng chính","05/02/2026 18:05:27","Văn phòng chính","10.7626","106.6601","0.98"
"LOG-2-0094","EMP-2011","Trịnh Văn L 11","Engineering","Nhận diện Khuôn mặt","Giờ ra","DEV-01","Máy quét cổng chính","05/02/2026 18:07:59","Văn phòng chính","10.7626","106.6601","0.98"
"LOG-2-0095","EMP-2003","Lê Văn C 3","Engineering","Nhận diện Khuôn mặt","Giờ ra","DEV-01","Máy quét cổng chính","05/02/2026 18:10:09","Văn phòng chính","10.7626","106.6601","0.98"
"LOG-2-0096","EMP-2012","Đỗ Thị M 12","Engineering","Nhận diện Khuôn mặt","Giờ ra","DEV-01","Máy quét cổng chính","05/02/2026 18:23:46","Văn phòng chính","10.7626","106.6601","0.98"
"LOG-2-0097","EMP-2015","Dương Văn P 15","Engineering","Nhận diện Khuôn mặt","Giờ ra","DEV-01","Máy quét cổng chính","05/02/2026 18:24:54","Văn phòng chính","10.7626","106.6601","0.98"
"LOG-2-0098","EMP-2001","Nguyễn Văn A 1 (Test)","Engineering","Nhận diện Khuôn mặt","Giờ ra","DEV-01","Máy quét cổng chính","05/02/2026 18:37:21","Văn phòng chính","10.7626","106.6601","0.98"
"LOG-2-0099","EMP-2002","Trần Thị B 2","Engineering","Nhận diện Khuôn mặt","Giờ ra","DEV-01","Máy quét cổng chính","05/02/2026 18:39:34","Văn phòng chính","10.7626","106.6601","0.98"
"LOG-2-0100","EMP-2007","Đặng Văn G 7","Engineering","Nhận diện Khuôn mặt","Giờ ra","DEV-01","Máy quét cổng chính","05/02/2026 18:59:25","Văn phòng chính","10.7626","106.6601","0.98"
"LOG-2-0101","EMP-2001","Nguyễn Văn A 1 (Test)","Engineering","Nhận diện Khuôn mặt","Giờ vào","DEV-01","Máy quét cổng chính","06/02/2026 07:16:56","Văn phòng chính","10.7626","106.6601","0.99"
"LOG-2-0102","EMP-2002","Trần Thị B 2","Engineering","Nhận diện Khuôn mặt","Giờ vào","DEV-01","Máy quét cổng chính","06/02/2026 07:24:10","Văn phòng chính","10.7626","106.6601","0.99"
"LOG-2-0103","EMP-2007","Đặng Văn G 7","Engineering","Nhận diện Khuôn mặt","Giờ vào","DEV-01","Máy quét cổng chính","06/02/2026 07:28:43","Văn phòng chính","10.7626","106.6601","0.99"
"LOG-2-0104","EMP-2011","Trịnh Văn L 11","Engineering","Nhận diện Khuôn mặt","Giờ vào","DEV-01","Máy quét cổng chính","06/02/2026 07:34:40","Văn phòng chính","10.7626","106.6601","0.99"
"LOG-2-0105","EMP-2015","Dương Văn P 15","Engineering","Ứng dụng Di động","Giờ vào","DEV-01","Điện thoại cá nhân","06/02/2026 07:41:44","Văn phòng chính","10.7626","106.6601","0.99"
"LOG-2-0106","EMP-2012","Đỗ Thị M 12","Engineering","Ứng dụng Di động","Giờ vào","DEV-01","Điện thoại cá nhân","06/02/2026 07:44:24","Văn phòng chính","10.7626","106.6601","0.99"
"LOG-2-0107","EMP-2008","Bùi Thị H 8","Engineering","Nhận diện Khuôn mặt","Giờ vào","DEV-01","Máy quét cổng chính","06/02/2026 07:48:18","Văn phòng chính","10.7626","106.6601","0.99"
"LOG-2-0108","EMP-2010","Lý Thị K 10","Engineering","Nhận diện Khuôn mặt","Giờ vào","DEV-01","Máy quét cổng chính","06/02/2026 07:49:52","Văn phòng chính","10.7626","106.6601","0.99"
"LOG-2-0109","EMP-2004","Phạm Thị D 4","Engineering","Nhận diện Khuôn mặt","Giờ vào","DEV-01","Máy quét cổng chính","06/02/2026 07:55:45","Văn phòng chính","10.7626","106.6601","0.99"
"LOG-2-0110","EMP-2013","Hồ Văn N 13","Engineering","Ứng dụng Di động","Giờ vào","DEV-01","Điện thoại cá nhân","06/02/2026 07:58:11","Văn phòng chính","10.7626","106.6601","0.99"
"LOG-2-0111","EMP-2003","Lê Văn C 3","Engineering","Ứng dụng Di động","Giờ vào","DEV-01","Điện thoại cá nhân","06/02/2026 08:00:39","Văn phòng chính","10.7626","106.6601","0.99"
"LOG-2-0112","EMP-2014","Huỳnh Thị O 14","Engineering","Nhận diện Khuôn mặt","Giờ vào","DEV-01","Máy quét cổng chính","06/02/2026 08:06:44","Văn phòng chính","10.7626","106.6601","0.99"
"LOG-2-0113","EMP-2010","Lý Thị K 10","Engineering","Nhận diện Khuôn mặt","Giờ ra","DEV-01","Máy quét cổng chính","06/02/2026 17:24:06","Văn phòng chính","10.7626","106.6601","0.98"
"LOG-2-0114","EMP-2002","Trần Thị B 2","Engineering","Nhận diện Khuôn mặt","Giờ ra","DEV-01","Máy quét cổng chính","06/02/2026 17:25:13","Văn phòng chính","10.7626","106.6601","0.98"
"LOG-2-0115","EMP-2011","Trịnh Văn L 11","Engineering","Nhận diện Khuôn mặt","Giờ ra","DEV-01","Máy quét cổng chính","06/02/2026 17:28:59","Văn phòng chính","10.7626","106.6601","0.98"
"LOG-2-0116","EMP-2013","Hồ Văn N 13","Engineering","Ứng dụng Di động","Giờ ra","DEV-01","Điện thoại cá nhân","06/02/2026 17:29:48","Văn phòng chính","10.7626","106.6601","0.98"
"LOG-2-0117","EMP-2012","Đỗ Thị M 12","Engineering","Ứng dụng Di động","Giờ ra","DEV-01","Điện thoại cá nhân","06/02/2026 17:31:05","Văn phòng chính","10.7626","106.6601","0.98"
"LOG-2-0118","EMP-2015","Dương Văn P 15","Engineering","Ứng dụng Di động","Giờ ra","DEV-01","Điện thoại cá nhân","06/02/2026 17:42:07","Văn phòng chính","10.7626","106.6601","0.98"
"LOG-2-0119","EMP-2008","Bùi Thị H 8","Engineering","Nhận diện Khuôn mặt","Giờ ra","DEV-01","Máy quét cổng chính","06/02/2026 17:50:13","Văn phòng chính","10.7626","106.6601","0.98"
"LOG-2-0120","EMP-2004","Phạm Thị D 4","Engineering","Nhận diện Khuôn mặt","Giờ ra","DEV-01","Máy quét cổng chính","06/02/2026 18:06:06","Văn phòng chính","10.7626","106.6601","0.98"
"LOG-2-0121","EMP-2007","Đặng Văn G 7","Engineering","Nhận diện Khuôn mặt","Giờ ra","DEV-01","Máy quét cổng chính","06/02/2026 18:13:12","Văn phòng chính","10.7626","106.6601","0.98"
"LOG-2-0122","EMP-2014","Huỳnh Thị O 14","Engineering","Nhận diện Khuôn mặt","Giờ ra","DEV-01","Máy quét cổng chính","06/02/2026 18:49:01","Văn phòng chính","10.7626","106.6601","0.98"
"LOG-2-0123","EMP-2003","Lê Văn C 3","Engineering","Ứng dụng Di động","Giờ ra","DEV-01","Điện thoại cá nhân","06/02/2026 18:52:43","Văn phòng chính","10.7626","106.6601","0.98"
"LOG-2-0124","EMP-2001","Nguyễn Văn A 1 (Test)","Engineering","Nhận diện Khuôn mặt","Giờ ra","DEV-01","Máy quét cổng chính","06/02/2026 18:59:14","Văn phòng chính","10.7626","106.6601","0.98"
"LOG-2-0125","EMP-2001","Nguyễn Văn A 1 (Test)","Engineering","Ứng dụng Di động","Giờ vào","DEV-01","Điện thoại cá nhân","07/02/2026 07:17:11","Văn phòng chính","10.7626","106.6601","0.99"
"LOG-2-0126","EMP-2014","Huỳnh Thị O 14","Engineering","Nhận diện Khuôn mặt","Giờ vào","DEV-01","Máy quét cổng chính","07/02/2026 07:53:36","Văn phòng chính","10.7626","106.6601","0.99"
"LOG-2-0127","EMP-2014","Huỳnh Thị O 14","Engineering","Nhận diện Khuôn mặt","Giờ ra","DEV-01","Máy quét cổng chính","07/02/2026 18:43:49","Văn phòng chính","10.7626","106.6601","0.98"
"LOG-2-0128","EMP-2001","Nguyễn Văn A 1 (Test)","Engineering","Ứng dụng Di động","Giờ ra","DEV-01","Điện thoại cá nhân","07/02/2026 18:49:04","Văn phòng chính","10.7626","106.6601","0.98"
"LOG-2-0129","EMP-2002","Trần Thị B 2","Engineering","Nhận diện Khuôn mặt","Giờ vào","DEV-01","Máy quét cổng chính","08/02/2026 07:21:22","Văn phòng chính","10.7626","106.6601","0.99"
"LOG-2-0130","EMP-2003","Lê Văn C 3","Engineering","Nhận diện Khuôn mặt","Giờ vào","DEV-01","Máy quét cổng chính","08/02/2026 07:53:43","Văn phòng chính","10.7626","106.6601","0.99"
"LOG-2-0131","EMP-2002","Trần Thị B 2","Engineering","Nhận diện Khuôn mặt","Giờ ra","DEV-01","Máy quét cổng chính","08/02/2026 18:06:52","Văn phòng chính","10.7626","106.6601","0.98"
"LOG-2-0132","EMP-2003","Lê Văn C 3","Engineering","Nhận diện Khuôn mặt","Giờ ra","DEV-01","Máy quét cổng chính","08/02/2026 18:15:28","Văn phòng chính","10.7626","106.6601","0.98"
"LOG-2-0133","EMP-2001","Nguyễn Văn A 1 (Test)","Engineering","Nhận diện Khuôn mặt","Giờ vào","DEV-01","Máy quét cổng chính","09/02/2026 07:19:35","Văn phòng chính","10.7626","106.6601","0.99"
"LOG-2-0134","EMP-2012","Đỗ Thị M 12","Engineering","Ứng dụng Di động","Giờ vào","DEV-01","Điện thoại cá nhân","09/02/2026 07:23:03","Văn phòng chính","10.7626","106.6601","0.99"
"LOG-2-0135","EMP-2007","Đặng Văn G 7","Engineering","Nhận diện Khuôn mặt","Giờ vào","DEV-01","Máy quét cổng chính","09/02/2026 07:24:18","Văn phòng chính","10.7626","106.6601","0.99"
"LOG-2-0136","EMP-2004","Phạm Thị D 4","Engineering","Nhận diện Khuôn mặt","Giờ vào","DEV-01","Máy quét cổng chính","09/02/2026 07:31:28","Văn phòng chính","10.7626","106.6601","0.99"
"LOG-2-0137","EMP-2014","Huỳnh Thị O 14","Engineering","Nhận diện Khuôn mặt","Giờ vào","DEV-01","Máy quét cổng chính","09/02/2026 07:32:12","Văn phòng chính","10.7626","106.6601","0.99"
"LOG-2-0138","EMP-2013","Hồ Văn N 13","Engineering","Nhận diện Khuôn mặt","Giờ vào","DEV-01","Máy quét cổng chính","09/02/2026 07:36:57","Văn phòng chính","10.7626","106.6601","0.99"
"LOG-2-0139","EMP-2010","Lý Thị K 10","Engineering","Nhận diện Khuôn mặt","Giờ vào","DEV-01","Máy quét cổng chính","09/02/2026 07:38:09","Văn phòng chính","10.7626","106.6601","0.99"
"LOG-2-0140","EMP-2008","Bùi Thị H 8","Engineering","Nhận diện Khuôn mặt","Giờ vào","DEV-01","Máy quét cổng chính","09/02/2026 07:38:17","Văn phòng chính","10.7626","106.6601","0.99"
"LOG-2-0141","EMP-2015","Dương Văn P 15","Engineering","Nhận diện Khuôn mặt","Giờ vào","DEV-01","Máy quét cổng chính","09/02/2026 07:52:13","Văn phòng chính","10.7626","106.6601","0.99"
"LOG-2-0142","EMP-2011","Trịnh Văn L 11","Engineering","Nhận diện Khuôn mặt","Giờ vào","DEV-01","Máy quét cổng chính","09/02/2026 07:55:23","Văn phòng chính","10.7626","106.6601","0.99"
"LOG-2-0143","EMP-2003","Lê Văn C 3","Engineering","Nhận diện Khuôn mặt","Giờ vào","DEV-01","Máy quét cổng chính","09/02/2026 07:56:52","Văn phòng chính","10.7626","106.6601","0.99"
"LOG-2-0144","EMP-2002","Trần Thị B 2","Engineering","Ứng dụng Di động","Giờ vào","DEV-01","Điện thoại cá nhân","09/02/2026 08:10:43","Văn phòng chính","10.7626","106.6601","0.99"
"LOG-2-0145","EMP-2001","Nguyễn Văn A 1 (Test)","Engineering","Nhận diện Khuôn mặt","Giờ ra","DEV-01","Máy quét cổng chính","09/02/2026 17:00:03","Văn phòng chính","10.7626","106.6601","0.98"
"LOG-2-0146","EMP-2014","Huỳnh Thị O 14","Engineering","Nhận diện Khuôn mặt","Giờ ra","DEV-01","Máy quét cổng chính","09/02/2026 17:06:25","Văn phòng chính","10.7626","106.6601","0.98"
"LOG-2-0147","EMP-2008","Bùi Thị H 8","Engineering","Nhận diện Khuôn mặt","Giờ ra","DEV-01","Máy quét cổng chính","09/02/2026 17:14:01","Văn phòng chính","10.7626","106.6601","0.98"
"LOG-2-0148","EMP-2013","Hồ Văn N 13","Engineering","Nhận diện Khuôn mặt","Giờ ra","DEV-01","Máy quét cổng chính","09/02/2026 17:30:15","Văn phòng chính","10.7626","106.6601","0.98"
"LOG-2-0149","EMP-2002","Trần Thị B 2","Engineering","Ứng dụng Di động","Giờ ra","DEV-01","Điện thoại cá nhân","09/02/2026 17:34:46","Văn phòng chính","10.7626","106.6601","0.98"
"LOG-2-0150","EMP-2007","Đặng Văn G 7","Engineering","Nhận diện Khuôn mặt","Giờ ra","DEV-01","Máy quét cổng chính","09/02/2026 17:41:59","Văn phòng chính","10.7626","106.6601","0.98"
"LOG-2-0151","EMP-2010","Lý Thị K 10","Engineering","Nhận diện Khuôn mặt","Giờ ra","DEV-01","Máy quét cổng chính","09/02/2026 17:44:57","Văn phòng chính","10.7626","106.6601","0.98"
"LOG-2-0152","EMP-2003","Lê Văn C 3","Engineering","Nhận diện Khuôn mặt","Giờ ra","DEV-01","Máy quét cổng chính","09/02/2026 17:53:01","Văn phòng chính","10.7626","106.6601","0.98"
"LOG-2-0153","EMP-2004","Phạm Thị D 4","Engineering","Nhận diện Khuôn mặt","Giờ ra","DEV-01","Máy quét cổng chính","09/02/2026 17:54:33","Văn phòng chính","10.7626","106.6601","0.98"
"LOG-2-0154","EMP-2015","Dương Văn P 15","Engineering","Nhận diện Khuôn mặt","Giờ ra","DEV-01","Máy quét cổng chính","09/02/2026 18:09:37","Văn phòng chính","10.7626","106.6601","0.98"
"LOG-2-0155","EMP-2012","Đỗ Thị M 12","Engineering","Ứng dụng Di động","Giờ ra","DEV-01","Điện thoại cá nhân","09/02/2026 18:17:45","Văn phòng chính","10.7626","106.6601","0.98"
"LOG-2-0156","EMP-2011","Trịnh Văn L 11","Engineering","Nhận diện Khuôn mặt","Giờ ra","DEV-01","Máy quét cổng chính","09/02/2026 18:32:33","Văn phòng chính","10.7626","106.6601","0.98"
"LOG-2-0157","EMP-2007","Đặng Văn G 7","Engineering","Nhận diện Khuôn mặt","Giờ vào","DEV-01","Máy quét cổng chính","10/02/2026 07:15:58","Văn phòng chính","10.7626","106.6601","0.99"
"LOG-2-0158","EMP-2008","Bùi Thị H 8","Engineering","Nhận diện Khuôn mặt","Giờ vào","DEV-01","Máy quét cổng chính","10/02/2026 07:29:26","Văn phòng chính","10.7626","106.6601","0.99"
"LOG-2-0159","EMP-2001","Nguyễn Văn A 1 (Test)","Engineering","Nhận diện Khuôn mặt","Giờ vào","DEV-01","Máy quét cổng chính","10/02/2026 07:35:48","Văn phòng chính","10.7626","106.6601","0.99"
"LOG-2-0160","EMP-2010","Lý Thị K 10","Engineering","Nhận diện Khuôn mặt","Giờ vào","DEV-01","Máy quét cổng chính","10/02/2026 07:42:14","Văn phòng chính","10.7626","106.6601","0.99"
"LOG-2-0161","EMP-2003","Lê Văn C 3","Engineering","Ứng dụng Di động","Giờ vào","DEV-01","Điện thoại cá nhân","10/02/2026 07:53:31","Văn phòng chính","10.7626","106.6601","0.99"
"LOG-2-0162","EMP-2004","Phạm Thị D 4","Engineering","Nhận diện Khuôn mặt","Giờ vào","DEV-01","Máy quét cổng chính","10/02/2026 07:54:25","Văn phòng chính","10.7626","106.6601","0.99"
"LOG-2-0163","EMP-2014","Huỳnh Thị O 14","Engineering","Nhận diện Khuôn mặt","Giờ vào","DEV-01","Máy quét cổng chính","10/02/2026 07:58:03","Văn phòng chính","10.7626","106.6601","0.99"
"LOG-2-0164","EMP-2002","Trần Thị B 2","Engineering","Nhận diện Khuôn mặt","Giờ vào","DEV-01","Máy quét cổng chính","10/02/2026 08:01:50","Văn phòng chính","10.7626","106.6601","0.99"
"LOG-2-0165","EMP-2013","Hồ Văn N 13","Engineering","Nhận diện Khuôn mặt","Giờ vào","DEV-01","Máy quét cổng chính","10/02/2026 08:08:16","Văn phòng chính","10.7626","106.6601","0.99"
"LOG-2-0166","EMP-2012","Đỗ Thị M 12","Engineering","Ứng dụng Di động","Giờ vào","DEV-01","Điện thoại cá nhân","10/02/2026 08:08:49","Văn phòng chính","10.7626","106.6601","0.99"
"LOG-2-0167","EMP-2015","Dương Văn P 15","Engineering","Nhận diện Khuôn mặt","Giờ vào","DEV-01","Máy quét cổng chính","10/02/2026 08:12:19","Văn phòng chính","10.7626","106.6601","0.99"
"LOG-2-0168","EMP-2011","Trịnh Văn L 11","Engineering","Ứng dụng Di động","Giờ vào","DEV-01","Điện thoại cá nhân","10/02/2026 08:14:30","Văn phòng chính","10.7626","106.6601","0.99"
"LOG-2-0169","EMP-2011","Trịnh Văn L 11","Engineering","Ứng dụng Di động","Giờ ra","DEV-01","Điện thoại cá nhân","10/02/2026 17:06:33","Văn phòng chính","10.7626","106.6601","0.98"
"LOG-2-0170","EMP-2010","Lý Thị K 10","Engineering","Nhận diện Khuôn mặt","Giờ ra","DEV-01","Máy quét cổng chính","10/02/2026 17:17:30","Văn phòng chính","10.7626","106.6601","0.98"
"LOG-2-0171","EMP-2002","Trần Thị B 2","Engineering","Nhận diện Khuôn mặt","Giờ ra","DEV-01","Máy quét cổng chính","10/02/2026 17:20:05","Văn phòng chính","10.7626","106.6601","0.98"
"LOG-2-0172","EMP-2014","Huỳnh Thị O 14","Engineering","Nhận diện Khuôn mặt","Giờ ra","DEV-01","Máy quét cổng chính","10/02/2026 17:24:23","Văn phòng chính","10.7626","106.6601","0.98"
"LOG-2-0173","EMP-2015","Dương Văn P 15","Engineering","Nhận diện Khuôn mặt","Giờ ra","DEV-01","Máy quét cổng chính","10/02/2026 17:25:27","Văn phòng chính","10.7626","106.6601","0.98"
"LOG-2-0174","EMP-2008","Bùi Thị H 8","Engineering","Nhận diện Khuôn mặt","Giờ ra","DEV-01","Máy quét cổng chính","10/02/2026 17:48:05","Văn phòng chính","10.7626","106.6601","0.98"
"LOG-2-0175","EMP-2003","Lê Văn C 3","Engineering","Ứng dụng Di động","Giờ ra","DEV-01","Điện thoại cá nhân","10/02/2026 17:48:20","Văn phòng chính","10.7626","106.6601","0.98"
"LOG-2-0176","EMP-2001","Nguyễn Văn A 1 (Test)","Engineering","Nhận diện Khuôn mặt","Giờ ra","DEV-01","Máy quét cổng chính","10/02/2026 17:49:30","Văn phòng chính","10.7626","106.6601","0.98"
"LOG-2-0177","EMP-2012","Đỗ Thị M 12","Engineering","Ứng dụng Di động","Giờ ra","DEV-01","Điện thoại cá nhân","10/02/2026 18:01:53","Văn phòng chính","10.7626","106.6601","0.98"
"LOG-2-0178","EMP-2013","Hồ Văn N 13","Engineering","Nhận diện Khuôn mặt","Giờ ra","DEV-01","Máy quét cổng chính","10/02/2026 18:38:50","Văn phòng chính","10.7626","106.6601","0.98"
"LOG-2-0179","EMP-2004","Phạm Thị D 4","Engineering","Nhận diện Khuôn mặt","Giờ ra","DEV-01","Máy quét cổng chính","10/02/2026 18:41:45","Văn phòng chính","10.7626","106.6601","0.98"
"LOG-2-0180","EMP-2007","Đặng Văn G 7","Engineering","Nhận diện Khuôn mặt","Giờ ra","DEV-01","Máy quét cổng chính","10/02/2026 18:56:51","Văn phòng chính","10.7626","106.6601","0.98"
"LOG-2-0181","EMP-2001","Nguyễn Văn A 1 (Test)","Engineering","Nhận diện Khuôn mặt","Giờ vào","DEV-01","Máy quét cổng chính","11/02/2026 07:16:16","Văn phòng chính","10.7626","106.6601","0.99"
"LOG-2-0182","EMP-2010","Lý Thị K 10","Engineering","Ứng dụng Di động","Giờ vào","DEV-01","Điện thoại cá nhân","11/02/2026 07:17:37","Văn phòng chính","10.7626","106.6601","0.99"
"LOG-2-0183","EMP-2014","Huỳnh Thị O 14","Engineering","Nhận diện Khuôn mặt","Giờ vào","DEV-01","Máy quét cổng chính","11/02/2026 07:19:07","Văn phòng chính","10.7626","106.6601","0.99"
"LOG-2-0184","EMP-2004","Phạm Thị D 4","Engineering","Ứng dụng Di động","Giờ vào","DEV-01","Điện thoại cá nhân","11/02/2026 07:30:54","Văn phòng chính","10.7626","106.6601","0.99"
"LOG-2-0185","EMP-2007","Đặng Văn G 7","Engineering","Nhận diện Khuôn mặt","Giờ vào","DEV-01","Máy quét cổng chính","11/02/2026 07:34:59","Văn phòng chính","10.7626","106.6601","0.99"
"LOG-2-0186","EMP-2015","Dương Văn P 15","Engineering","Nhận diện Khuôn mặt","Giờ vào","DEV-01","Máy quét cổng chính","11/02/2026 07:35:31","Văn phòng chính","10.7626","106.6601","0.99"
"LOG-2-0187","EMP-2012","Đỗ Thị M 12","Engineering","Nhận diện Khuôn mặt","Giờ vào","DEV-01","Máy quét cổng chính","11/02/2026 07:39:32","Văn phòng chính","10.7626","106.6601","0.99"
"LOG-2-0188","EMP-2013","Hồ Văn N 13","Engineering","Nhận diện Khuôn mặt","Giờ vào","DEV-01","Máy quét cổng chính","11/02/2026 07:47:24","Văn phòng chính","10.7626","106.6601","0.99"
"LOG-2-0189","EMP-2003","Lê Văn C 3","Engineering","Nhận diện Khuôn mặt","Giờ vào","DEV-01","Máy quét cổng chính","11/02/2026 07:53:27","Văn phòng chính","10.7626","106.6601","0.99"
"LOG-2-0190","EMP-2008","Bùi Thị H 8","Engineering","Nhận diện Khuôn mặt","Giờ vào","DEV-01","Máy quét cổng chính","11/02/2026 08:03:41","Văn phòng chính","10.7626","106.6601","0.99"
"LOG-2-0191","EMP-2011","Trịnh Văn L 11","Engineering","Nhận diện Khuôn mặt","Giờ vào","DEV-01","Máy quét cổng chính","11/02/2026 08:05:41","Văn phòng chính","10.7626","106.6601","0.99"
"LOG-2-0192","EMP-2002","Trần Thị B 2","Engineering","Nhận diện Khuôn mặt","Giờ vào","DEV-01","Máy quét cổng chính","11/02/2026 08:09:39","Văn phòng chính","10.7626","106.6601","0.99"
"LOG-2-0193","EMP-2003","Lê Văn C 3","Engineering","Nhận diện Khuôn mặt","Giờ ra","DEV-01","Máy quét cổng chính","11/02/2026 17:33:43","Văn phòng chính","10.7626","106.6601","0.98"
"LOG-2-0194","EMP-2004","Phạm Thị D 4","Engineering","Ứng dụng Di động","Giờ ra","DEV-01","Điện thoại cá nhân","11/02/2026 17:35:21","Văn phòng chính","10.7626","106.6601","0.98"
"LOG-2-0195","EMP-2008","Bùi Thị H 8","Engineering","Nhận diện Khuôn mặt","Giờ ra","DEV-01","Máy quét cổng chính","11/02/2026 17:35:54","Văn phòng chính","10.7626","106.6601","0.98"
"LOG-2-0196","EMP-2012","Đỗ Thị M 12","Engineering","Nhận diện Khuôn mặt","Giờ ra","DEV-01","Máy quét cổng chính","11/02/2026 17:50:50","Văn phòng chính","10.7626","106.6601","0.98"
"LOG-2-0197","EMP-2015","Dương Văn P 15","Engineering","Nhận diện Khuôn mặt","Giờ ra","DEV-01","Máy quét cổng chính","11/02/2026 18:08:29","Văn phòng chính","10.7626","106.6601","0.98"
"LOG-2-0198","EMP-2014","Huỳnh Thị O 14","Engineering","Nhận diện Khuôn mặt","Giờ ra","DEV-01","Máy quét cổng chính","11/02/2026 18:30:19","Văn phòng chính","10.7626","106.6601","0.98"
"LOG-2-0199","EMP-2007","Đặng Văn G 7","Engineering","Nhận diện Khuôn mặt","Giờ ra","DEV-01","Máy quét cổng chính","11/02/2026 18:39:03","Văn phòng chính","10.7626","106.6601","0.98"
"LOG-2-0200","EMP-2013","Hồ Văn N 13","Engineering","Nhận diện Khuôn mặt","Giờ ra","DEV-01","Máy quét cổng chính","11/02/2026 18:40:08","Văn phòng chính","10.7626","106.6601","0.98"
"LOG-2-0201","EMP-2001","Nguyễn Văn A 1 (Test)","Engineering","Nhận diện Khuôn mặt","Giờ ra","DEV-01","Máy quét cổng chính","11/02/2026 18:45:42","Văn phòng chính","10.7626","106.6601","0.98"
"LOG-2-0202","EMP-2002","Trần Thị B 2","Engineering","Nhận diện Khuôn mặt","Giờ ra","DEV-01","Máy quét cổng chính","11/02/2026 18:53:40","Văn phòng chính","10.7626","106.6601","0.98"
"LOG-2-0203","EMP-2010","Lý Thị K 10","Engineering","Ứng dụng Di động","Giờ ra","DEV-01","Điện thoại cá nhân","11/02/2026 18:56:21","Văn phòng chính","10.7626","106.6601","0.98"
"LOG-2-0204","EMP-2011","Trịnh Văn L 11","Engineering","Nhận diện Khuôn mặt","Giờ ra","DEV-01","Máy quét cổng chính","11/02/2026 18:56:22","Văn phòng chính","10.7626","106.6601","0.98"
"LOG-2-0205","EMP-2002","Trần Thị B 2","Engineering","Nhận diện Khuôn mặt","Giờ vào","DEV-01","Máy quét cổng chính","12/02/2026 07:18:19","Văn phòng chính","10.7626","106.6601","0.99"
"LOG-2-0206","EMP-2015","Dương Văn P 15","Engineering","Nhận diện Khuôn mặt","Giờ vào","DEV-01","Máy quét cổng chính","12/02/2026 07:24:39","Văn phòng chính","10.7626","106.6601","0.99"
"LOG-2-0207","EMP-2011","Trịnh Văn L 11","Engineering","Nhận diện Khuôn mặt","Giờ vào","DEV-01","Máy quét cổng chính","12/02/2026 07:41:42","Văn phòng chính","10.7626","106.6601","0.99"
"LOG-2-0208","EMP-2012","Đỗ Thị M 12","Engineering","Nhận diện Khuôn mặt","Giờ vào","DEV-01","Máy quét cổng chính","12/02/2026 07:48:27","Văn phòng chính","10.7626","106.6601","0.99"
"LOG-2-0209","EMP-2004","Phạm Thị D 4","Engineering","Nhận diện Khuôn mặt","Giờ vào","DEV-01","Máy quét cổng chính","12/02/2026 07:51:20","Văn phòng chính","10.7626","106.6601","0.99"
"LOG-2-0210","EMP-2010","Lý Thị K 10","Engineering","Nhận diện Khuôn mặt","Giờ vào","DEV-01","Máy quét cổng chính","12/02/2026 07:54:27","Văn phòng chính","10.7626","106.6601","0.99"
"LOG-2-0211","EMP-2007","Đặng Văn G 7","Engineering","Nhận diện Khuôn mặt","Giờ vào","DEV-01","Máy quét cổng chính","12/02/2026 08:01:36","Văn phòng chính","10.7626","106.6601","0.99"
"LOG-2-0212","EMP-2008","Bùi Thị H 8","Engineering","Nhận diện Khuôn mặt","Giờ vào","DEV-01","Máy quét cổng chính","12/02/2026 08:02:09","Văn phòng chính","10.7626","106.6601","0.99"
"LOG-2-0213","EMP-2014","Huỳnh Thị O 14","Engineering","Ứng dụng Di động","Giờ vào","DEV-01","Điện thoại cá nhân","12/02/2026 08:03:31","Văn phòng chính","10.7626","106.6601","0.99"
"LOG-2-0214","EMP-2001","Nguyễn Văn A 1 (Test)","Engineering","Nhận diện Khuôn mặt","Giờ vào","DEV-01","Máy quét cổng chính","12/02/2026 08:11:11","Văn phòng chính","10.7626","106.6601","0.99"
"LOG-2-0215","EMP-2003","Lê Văn C 3","Engineering","Nhận diện Khuôn mặt","Giờ vào","DEV-01","Máy quét cổng chính","12/02/2026 08:12:37","Văn phòng chính","10.7626","106.6601","0.99"
"LOG-2-0216","EMP-2013","Hồ Văn N 13","Engineering","Ứng dụng Di động","Giờ vào","DEV-01","Điện thoại cá nhân","12/02/2026 08:12:38","Văn phòng chính","10.7626","106.6601","0.99"
"LOG-2-0217","EMP-2002","Trần Thị B 2","Engineering","Nhận diện Khuôn mặt","Giờ ra","DEV-01","Máy quét cổng chính","12/02/2026 17:14:34","Văn phòng chính","10.7626","106.6601","0.98"
"LOG-2-0218","EMP-2004","Phạm Thị D 4","Engineering","Nhận diện Khuôn mặt","Giờ ra","DEV-01","Máy quét cổng chính","12/02/2026 17:16:00","Văn phòng chính","10.7626","106.6601","0.98"
"LOG-2-0219","EMP-2010","Lý Thị K 10","Engineering","Nhận diện Khuôn mặt","Giờ ra","DEV-01","Máy quét cổng chính","12/02/2026 17:16:23","Văn phòng chính","10.7626","106.6601","0.98"
"LOG-2-0220","EMP-2008","Bùi Thị H 8","Engineering","Nhận diện Khuôn mặt","Giờ ra","DEV-01","Máy quét cổng chính","12/02/2026 17:47:53","Văn phòng chính","10.7626","106.6601","0.98"
"LOG-2-0221","EMP-2003","Lê Văn C 3","Engineering","Nhận diện Khuôn mặt","Giờ ra","DEV-01","Máy quét cổng chính","12/02/2026 17:52:47","Văn phòng chính","10.7626","106.6601","0.98"
"LOG-2-0222","EMP-2012","Đỗ Thị M 12","Engineering","Nhận diện Khuôn mặt","Giờ ra","DEV-01","Máy quét cổng chính","12/02/2026 18:01:52","Văn phòng chính","10.7626","106.6601","0.98"
"LOG-2-0223","EMP-2001","Nguyễn Văn A 1 (Test)","Engineering","Nhận diện Khuôn mặt","Giờ ra","DEV-01","Máy quét cổng chính","12/02/2026 18:10:15","Văn phòng chính","10.7626","106.6601","0.98"
"LOG-2-0224","EMP-2014","Huỳnh Thị O 14","Engineering","Ứng dụng Di động","Giờ ra","DEV-01","Điện thoại cá nhân","12/02/2026 18:21:44","Văn phòng chính","10.7626","106.6601","0.98"
"LOG-2-0225","EMP-2015","Dương Văn P 15","Engineering","Nhận diện Khuôn mặt","Giờ ra","DEV-01","Máy quét cổng chính","12/02/2026 18:34:38","Văn phòng chính","10.7626","106.6601","0.98"
"LOG-2-0226","EMP-2013","Hồ Văn N 13","Engineering","Ứng dụng Di động","Giờ ra","DEV-01","Điện thoại cá nhân","12/02/2026 18:44:23","Văn phòng chính","10.7626","106.6601","0.98"
"LOG-2-0227","EMP-2007","Đặng Văn G 7","Engineering","Nhận diện Khuôn mặt","Giờ ra","DEV-01","Máy quét cổng chính","12/02/2026 18:53:28","Văn phòng chính","10.7626","106.6601","0.98"
"LOG-2-0228","EMP-2011","Trịnh Văn L 11","Engineering","Nhận diện Khuôn mặt","Giờ ra","DEV-01","Máy quét cổng chính","12/02/2026 18:55:11","Văn phòng chính","10.7626","106.6601","0.98"
"LOG-2-0229","EMP-2012","Đỗ Thị M 12","Engineering","Nhận diện Khuôn mặt","Giờ vào","DEV-01","Máy quét cổng chính","13/02/2026 07:21:49","Văn phòng chính","10.7626","106.6601","0.99"
"LOG-2-0230","EMP-2011","Trịnh Văn L 11","Engineering","Ứng dụng Di động","Giờ vào","DEV-01","Điện thoại cá nhân","13/02/2026 07:27:06","Văn phòng chính","10.7626","106.6601","0.99"
"LOG-2-0231","EMP-2001","Nguyễn Văn A 1 (Test)","Engineering","Nhận diện Khuôn mặt","Giờ vào","DEV-01","Máy quét cổng chính","13/02/2026 07:34:21","Văn phòng chính","10.7626","106.6601","0.99"
"LOG-2-0232","EMP-2013","Hồ Văn N 13","Engineering","Nhận diện Khuôn mặt","Giờ vào","DEV-01","Máy quét cổng chính","13/02/2026 07:37:58","Văn phòng chính","10.7626","106.6601","0.99"
"LOG-2-0233","EMP-2014","Huỳnh Thị O 14","Engineering","Ứng dụng Di động","Giờ vào","DEV-01","Điện thoại cá nhân","13/02/2026 07:38:36","Văn phòng chính","10.7626","106.6601","0.99"
"LOG-2-0234","EMP-2010","Lý Thị K 10","Engineering","Ứng dụng Di động","Giờ vào","DEV-01","Điện thoại cá nhân","13/02/2026 07:39:49","Văn phòng chính","10.7626","106.6601","0.99"
"LOG-2-0235","EMP-2003","Lê Văn C 3","Engineering","Nhận diện Khuôn mặt","Giờ vào","DEV-01","Máy quét cổng chính","13/02/2026 07:43:42","Văn phòng chính","10.7626","106.6601","0.99"
"LOG-2-0236","EMP-2004","Phạm Thị D 4","Engineering","Ứng dụng Di động","Giờ vào","DEV-01","Điện thoại cá nhân","13/02/2026 07:48:06","Văn phòng chính","10.7626","106.6601","0.99"
"LOG-2-0237","EMP-2015","Dương Văn P 15","Engineering","Nhận diện Khuôn mặt","Giờ vào","DEV-01","Máy quét cổng chính","13/02/2026 07:51:13","Văn phòng chính","10.7626","106.6601","0.99"
"LOG-2-0238","EMP-2007","Đặng Văn G 7","Engineering","Nhận diện Khuôn mặt","Giờ vào","DEV-01","Máy quét cổng chính","13/02/2026 08:08:06","Văn phòng chính","10.7626","106.6601","0.99"
"LOG-2-0239","EMP-2008","Bùi Thị H 8","Engineering","Nhận diện Khuôn mặt","Giờ vào","DEV-01","Máy quét cổng chính","13/02/2026 08:14:14","Văn phòng chính","10.7626","106.6601","0.99"
"LOG-2-0240","EMP-2003","Lê Văn C 3","Engineering","Nhận diện Khuôn mặt","Giờ ra","DEV-01","Máy quét cổng chính","13/02/2026 17:20:14","Văn phòng chính","10.7626","106.6601","0.98"
"LOG-2-0241","EMP-2014","Huỳnh Thị O 14","Engineering","Ứng dụng Di động","Giờ ra","DEV-01","Điện thoại cá nhân","13/02/2026 17:29:34","Văn phòng chính","10.7626","106.6601","0.98"
"LOG-2-0242","EMP-2008","Bùi Thị H 8","Engineering","Nhận diện Khuôn mặt","Giờ ra","DEV-01","Máy quét cổng chính","13/02/2026 17:31:56","Văn phòng chính","10.7626","106.6601","0.98"
"LOG-2-0243","EMP-2007","Đặng Văn G 7","Engineering","Nhận diện Khuôn mặt","Giờ ra","DEV-01","Máy quét cổng chính","13/02/2026 17:56:38","Văn phòng chính","10.7626","106.6601","0.98"
"LOG-2-0244","EMP-2010","Lý Thị K 10","Engineering","Ứng dụng Di động","Giờ ra","DEV-01","Điện thoại cá nhân","13/02/2026 17:58:10","Văn phòng chính","10.7626","106.6601","0.98"
"LOG-2-0245","EMP-2015","Dương Văn P 15","Engineering","Nhận diện Khuôn mặt","Giờ ra","DEV-01","Máy quét cổng chính","13/02/2026 18:08:39","Văn phòng chính","10.7626","106.6601","0.98"
"LOG-2-0246","EMP-2011","Trịnh Văn L 11","Engineering","Ứng dụng Di động","Giờ ra","DEV-01","Điện thoại cá nhân","13/02/2026 18:20:01","Văn phòng chính","10.7626","106.6601","0.98"
"LOG-2-0247","EMP-2001","Nguyễn Văn A 1 (Test)","Engineering","Nhận diện Khuôn mặt","Giờ ra","DEV-01","Máy quét cổng chính","13/02/2026 18:32:54","Văn phòng chính","10.7626","106.6601","0.98"
"LOG-2-0248","EMP-2012","Đỗ Thị M 12","Engineering","Nhận diện Khuôn mặt","Giờ ra","DEV-01","Máy quét cổng chính","13/02/2026 18:34:47","Văn phòng chính","10.7626","106.6601","0.98"
"LOG-2-0249","EMP-2004","Phạm Thị D 4","Engineering","Ứng dụng Di động","Giờ ra","DEV-01","Điện thoại cá nhân","13/02/2026 18:46:22","Văn phòng chính","10.7626","106.6601","0.98"
"LOG-2-0250","EMP-2013","Hồ Văn N 13","Engineering","Nhận diện Khuôn mặt","Giờ ra","DEV-01","Máy quét cổng chính","13/02/2026 18:47:04","Văn phòng chính","10.7626","106.6601","0.98"
"LOG-2-0251","EMP-2003","Lê Văn C 3","Engineering","Ứng dụng Di động","Giờ vào","DEV-01","Điện thoại cá nhân","14/02/2026 07:32:37","Văn phòng chính","10.7626","106.6601","0.99"
"LOG-2-0252","EMP-2003","Lê Văn C 3","Engineering","Ứng dụng Di động","Giờ ra","DEV-01","Điện thoại cá nhân","14/02/2026 18:22:18","Văn phòng chính","10.7626","106.6601","0.98"
"LOG-2-0253","EMP-2010","Lý Thị K 10","Engineering","Ứng dụng Di động","Giờ vào","DEV-01","Điện thoại cá nhân","15/02/2026 07:30:44","Văn phòng chính","10.7626","106.6601","0.99"
"LOG-2-0254","EMP-2003","Lê Văn C 3","Engineering","Nhận diện Khuôn mặt","Giờ vào","DEV-01","Máy quét cổng chính","15/02/2026 08:03:27","Văn phòng chính","10.7626","106.6601","0.99"
"LOG-2-0255","EMP-2003","Lê Văn C 3","Engineering","Nhận diện Khuôn mặt","Giờ ra","DEV-01","Máy quét cổng chính","15/02/2026 17:42:34","Văn phòng chính","10.7626","106.6601","0.98"
"LOG-2-0256","EMP-2010","Lý Thị K 10","Engineering","Ứng dụng Di động","Giờ ra","DEV-01","Điện thoại cá nhân","15/02/2026 18:00:09","Văn phòng chính","10.7626","106.6601","0.98"
"LOG-2-0257","EMP-2013","Hồ Văn N 13","Engineering","Nhận diện Khuôn mặt","Giờ vào","DEV-01","Máy quét cổng chính","16/02/2026 07:15:33","Văn phòng chính","10.7626","106.6601","0.99"
"LOG-2-0258","EMP-2012","Đỗ Thị M 12","Engineering","Nhận diện Khuôn mặt","Giờ vào","DEV-01","Máy quét cổng chính","16/02/2026 07:19:05","Văn phòng chính","10.7626","106.6601","0.99"
"LOG-2-0259","EMP-2015","Dương Văn P 15","Engineering","Ứng dụng Di động","Giờ vào","DEV-01","Điện thoại cá nhân","16/02/2026 07:20:56","Văn phòng chính","10.7626","106.6601","0.99"
"LOG-2-0260","EMP-2014","Huỳnh Thị O 14","Engineering","Nhận diện Khuôn mặt","Giờ vào","DEV-01","Máy quét cổng chính","16/02/2026 07:24:27","Văn phòng chính","10.7626","106.6601","0.99"
"LOG-2-0261","EMP-2011","Trịnh Văn L 11","Engineering","Ứng dụng Di động","Giờ vào","DEV-01","Điện thoại cá nhân","16/02/2026 07:35:23","Văn phòng chính","10.7626","106.6601","0.99"
"LOG-2-0262","EMP-2010","Lý Thị K 10","Engineering","Nhận diện Khuôn mặt","Giờ vào","DEV-01","Máy quét cổng chính","16/02/2026 07:37:14","Văn phòng chính","10.7626","106.6601","0.99"
"LOG-2-0263","EMP-2002","Trần Thị B 2","Engineering","Nhận diện Khuôn mặt","Giờ vào","DEV-01","Máy quét cổng chính","16/02/2026 07:37:40","Văn phòng chính","10.7626","106.6601","0.99"
"LOG-2-0264","EMP-2004","Phạm Thị D 4","Engineering","Nhận diện Khuôn mặt","Giờ vào","DEV-01","Máy quét cổng chính","16/02/2026 07:40:03","Văn phòng chính","10.7626","106.6601","0.99"
"LOG-2-0265","EMP-2003","Lê Văn C 3","Engineering","Nhận diện Khuôn mặt","Giờ vào","DEV-01","Máy quét cổng chính","16/02/2026 07:54:26","Văn phòng chính","10.7626","106.6601","0.99"
"LOG-2-0266","EMP-2008","Bùi Thị H 8","Engineering","Nhận diện Khuôn mặt","Giờ vào","DEV-01","Máy quét cổng chính","16/02/2026 07:57:28","Văn phòng chính","10.7626","106.6601","0.99"
"LOG-2-0267","EMP-2001","Nguyễn Văn A 1 (Test)","Engineering","Ứng dụng Di động","Giờ vào","DEV-01","Điện thoại cá nhân","16/02/2026 07:57:41","Văn phòng chính","10.7626","106.6601","0.99"
"LOG-2-0268","EMP-2007","Đặng Văn G 7","Engineering","Ứng dụng Di động","Giờ vào","DEV-01","Điện thoại cá nhân","16/02/2026 08:13:34","Văn phòng chính","10.7626","106.6601","0.99"
"LOG-2-0269","EMP-2003","Lê Văn C 3","Engineering","Nhận diện Khuôn mặt","Giờ ra","DEV-01","Máy quét cổng chính","16/02/2026 17:01:20","Văn phòng chính","10.7626","106.6601","0.98"
"LOG-2-0270","EMP-2008","Bùi Thị H 8","Engineering","Nhận diện Khuôn mặt","Giờ ra","DEV-01","Máy quét cổng chính","16/02/2026 17:15:34","Văn phòng chính","10.7626","106.6601","0.98"
"LOG-2-0271","EMP-2013","Hồ Văn N 13","Engineering","Nhận diện Khuôn mặt","Giờ ra","DEV-01","Máy quét cổng chính","16/02/2026 17:44:14","Văn phòng chính","10.7626","106.6601","0.98"
"LOG-2-0272","EMP-2001","Nguyễn Văn A 1 (Test)","Engineering","Ứng dụng Di động","Giờ ra","DEV-01","Điện thoại cá nhân","16/02/2026 17:44:29","Văn phòng chính","10.7626","106.6601","0.98"
"LOG-2-0273","EMP-2011","Trịnh Văn L 11","Engineering","Ứng dụng Di động","Giờ ra","DEV-01","Điện thoại cá nhân","16/02/2026 17:51:00","Văn phòng chính","10.7626","106.6601","0.98"
"LOG-2-0274","EMP-2012","Đỗ Thị M 12","Engineering","Nhận diện Khuôn mặt","Giờ ra","DEV-01","Máy quét cổng chính","16/02/2026 18:04:32","Văn phòng chính","10.7626","106.6601","0.98"
"LOG-2-0275","EMP-2014","Huỳnh Thị O 14","Engineering","Nhận diện Khuôn mặt","Giờ ra","DEV-01","Máy quét cổng chính","16/02/2026 18:24:40","Văn phòng chính","10.7626","106.6601","0.98"
"LOG-2-0276","EMP-2007","Đặng Văn G 7","Engineering","Ứng dụng Di động","Giờ ra","DEV-01","Điện thoại cá nhân","16/02/2026 18:25:59","Văn phòng chính","10.7626","106.6601","0.98"
"LOG-2-0277","EMP-2002","Trần Thị B 2","Engineering","Nhận diện Khuôn mặt","Giờ ra","DEV-01","Máy quét cổng chính","16/02/2026 18:42:04","Văn phòng chính","10.7626","106.6601","0.98"
"LOG-2-0278","EMP-2004","Phạm Thị D 4","Engineering","Nhận diện Khuôn mặt","Giờ ra","DEV-01","Máy quét cổng chính","16/02/2026 18:57:26","Văn phòng chính","10.7626","106.6601","0.98"
"LOG-2-0279","EMP-2010","Lý Thị K 10","Engineering","Nhận diện Khuôn mặt","Giờ ra","DEV-01","Máy quét cổng chính","16/02/2026 18:57:33","Văn phòng chính","10.7626","106.6601","0.98"
"LOG-2-0280","EMP-2015","Dương Văn P 15","Engineering","Ứng dụng Di động","Giờ ra","DEV-01","Điện thoại cá nhân","16/02/2026 18:59:18","Văn phòng chính","10.7626","106.6601","0.98"
"LOG-2-0281","EMP-2003","Lê Văn C 3","Engineering","Nhận diện Khuôn mặt","Giờ vào","DEV-01","Máy quét cổng chính","17/02/2026 07:15:02","Văn phòng chính","10.7626","106.6601","0.99"
"LOG-2-0282","EMP-2015","Dương Văn P 15","Engineering","Nhận diện Khuôn mặt","Giờ vào","DEV-01","Máy quét cổng chính","17/02/2026 07:22:05","Văn phòng chính","10.7626","106.6601","0.99"
"LOG-2-0283","EMP-2014","Huỳnh Thị O 14","Engineering","Nhận diện Khuôn mặt","Giờ vào","DEV-01","Máy quét cổng chính","17/02/2026 07:29:44","Văn phòng chính","10.7626","106.6601","0.99"
"LOG-2-0284","EMP-2007","Đặng Văn G 7","Engineering","Nhận diện Khuôn mặt","Giờ vào","DEV-01","Máy quét cổng chính","17/02/2026 07:34:10","Văn phòng chính","10.7626","106.6601","0.99"
"LOG-2-0285","EMP-2011","Trịnh Văn L 11","Engineering","Ứng dụng Di động","Giờ vào","DEV-01","Điện thoại cá nhân","17/02/2026 07:36:40","Văn phòng chính","10.7626","106.6601","0.99"
"LOG-2-0286","EMP-2008","Bùi Thị H 8","Engineering","Nhận diện Khuôn mặt","Giờ vào","DEV-01","Máy quét cổng chính","17/02/2026 07:39:50","Văn phòng chính","10.7626","106.6601","0.99"
"LOG-2-0287","EMP-2001","Nguyễn Văn A 1 (Test)","Engineering","Nhận diện Khuôn mặt","Giờ vào","DEV-01","Máy quét cổng chính","17/02/2026 07:41:38","Văn phòng chính","10.7626","106.6601","0.99"
"LOG-2-0288","EMP-2004","Phạm Thị D 4","Engineering","Nhận diện Khuôn mặt","Giờ vào","DEV-01","Máy quét cổng chính","17/02/2026 07:53:52","Văn phòng chính","10.7626","106.6601","0.99"
"LOG-2-0289","EMP-2010","Lý Thị K 10","Engineering","Nhận diện Khuôn mặt","Giờ vào","DEV-01","Máy quét cổng chính","17/02/2026 08:05:35","Văn phòng chính","10.7626","106.6601","0.99"
"LOG-2-0290","EMP-2012","Đỗ Thị M 12","Engineering","Ứng dụng Di động","Giờ vào","DEV-01","Điện thoại cá nhân","17/02/2026 08:07:50","Văn phòng chính","10.7626","106.6601","0.99"
"LOG-2-0291","EMP-2013","Hồ Văn N 13","Engineering","Nhận diện Khuôn mặt","Giờ vào","DEV-01","Máy quét cổng chính","17/02/2026 08:09:11","Văn phòng chính","10.7626","106.6601","0.99"
"LOG-2-0292","EMP-2002","Trần Thị B 2","Engineering","Ứng dụng Di động","Giờ vào","DEV-01","Điện thoại cá nhân","17/02/2026 08:12:59","Văn phòng chính","10.7626","106.6601","0.99"
"LOG-2-0293","EMP-2008","Bùi Thị H 8","Engineering","Nhận diện Khuôn mặt","Giờ ra","DEV-01","Máy quét cổng chính","17/02/2026 17:14:46","Văn phòng chính","10.7626","106.6601","0.98"
"LOG-2-0294","EMP-2012","Đỗ Thị M 12","Engineering","Ứng dụng Di động","Giờ ra","DEV-01","Điện thoại cá nhân","17/02/2026 17:30:14","Văn phòng chính","10.7626","106.6601","0.98"
"LOG-2-0295","EMP-2002","Trần Thị B 2","Engineering","Ứng dụng Di động","Giờ ra","DEV-01","Điện thoại cá nhân","17/02/2026 17:32:19","Văn phòng chính","10.7626","106.6601","0.98"
"LOG-2-0296","EMP-2014","Huỳnh Thị O 14","Engineering","Nhận diện Khuôn mặt","Giờ ra","DEV-01","Máy quét cổng chính","17/02/2026 17:42:46","Văn phòng chính","10.7626","106.6601","0.98"
"LOG-2-0297","EMP-2013","Hồ Văn N 13","Engineering","Nhận diện Khuôn mặt","Giờ ra","DEV-01","Máy quét cổng chính","17/02/2026 17:45:29","Văn phòng chính","10.7626","106.6601","0.98"
"LOG-2-0298","EMP-2004","Phạm Thị D 4","Engineering","Nhận diện Khuôn mặt","Giờ ra","DEV-01","Máy quét cổng chính","17/02/2026 17:55:10","Văn phòng chính","10.7626","106.6601","0.98"
"LOG-2-0299","EMP-2010","Lý Thị K 10","Engineering","Nhận diện Khuôn mặt","Giờ ra","DEV-01","Máy quét cổng chính","17/02/2026 18:16:51","Văn phòng chính","10.7626","106.6601","0.98"
"LOG-2-0300","EMP-2015","Dương Văn P 15","Engineering","Nhận diện Khuôn mặt","Giờ ra","DEV-01","Máy quét cổng chính","17/02/2026 18:26:34","Văn phòng chính","10.7626","106.6601","0.98"
"LOG-2-0301","EMP-2003","Lê Văn C 3","Engineering","Nhận diện Khuôn mặt","Giờ ra","DEV-01","Máy quét cổng chính","17/02/2026 18:33:50","Văn phòng chính","10.7626","106.6601","0.98"
"LOG-2-0302","EMP-2001","Nguyễn Văn A 1 (Test)","Engineering","Nhận diện Khuôn mặt","Giờ ra","DEV-01","Máy quét cổng chính","17/02/2026 18:42:26","Văn phòng chính","10.7626","106.6601","0.98"
"LOG-2-0303","EMP-2011","Trịnh Văn L 11","Engineering","Ứng dụng Di động","Giờ ra","DEV-01","Điện thoại cá nhân","17/02/2026 18:48:39","Văn phòng chính","10.7626","106.6601","0.98"
"LOG-2-0304","EMP-2007","Đặng Văn G 7","Engineering","Nhận diện Khuôn mặt","Giờ ra","DEV-01","Máy quét cổng chính","17/02/2026 18:57:26","Văn phòng chính","10.7626","106.6601","0.98"
"LOG-2-0305","EMP-2013","Hồ Văn N 13","Engineering","Nhận diện Khuôn mặt","Giờ vào","DEV-01","Máy quét cổng chính","18/02/2026 07:15:39","Văn phòng chính","10.7626","106.6601","0.99"
"LOG-2-0306","EMP-2004","Phạm Thị D 4","Engineering","Ứng dụng Di động","Giờ vào","DEV-01","Điện thoại cá nhân","18/02/2026 07:17:26","Văn phòng chính","10.7626","106.6601","0.99"
"LOG-2-0307","EMP-2007","Đặng Văn G 7","Engineering","Ứng dụng Di động","Giờ vào","DEV-01","Điện thoại cá nhân","18/02/2026 07:33:02","Văn phòng chính","10.7626","106.6601","0.99"
"LOG-2-0308","EMP-2010","Lý Thị K 10","Engineering","Nhận diện Khuôn mặt","Giờ vào","DEV-01","Máy quét cổng chính","18/02/2026 07:36:09","Văn phòng chính","10.7626","106.6601","0.99"
"LOG-2-0309","EMP-2012","Đỗ Thị M 12","Engineering","Ứng dụng Di động","Giờ vào","DEV-01","Điện thoại cá nhân","18/02/2026 07:39:15","Văn phòng chính","10.7626","106.6601","0.99"
"LOG-2-0310","EMP-2002","Trần Thị B 2","Engineering","Nhận diện Khuôn mặt","Giờ vào","DEV-01","Máy quét cổng chính","18/02/2026 07:45:30","Văn phòng chính","10.7626","106.6601","0.99"
"LOG-2-0311","EMP-2003","Lê Văn C 3","Engineering","Nhận diện Khuôn mặt","Giờ vào","DEV-01","Máy quét cổng chính","18/02/2026 07:46:50","Văn phòng chính","10.7626","106.6601","0.99"
"LOG-2-0312","EMP-2015","Dương Văn P 15","Engineering","Nhận diện Khuôn mặt","Giờ vào","DEV-01","Máy quét cổng chính","18/02/2026 07:53:28","Văn phòng chính","10.7626","106.6601","0.99"
"LOG-2-0313","EMP-2008","Bùi Thị H 8","Engineering","Nhận diện Khuôn mặt","Giờ vào","DEV-01","Máy quét cổng chính","18/02/2026 08:01:52","Văn phòng chính","10.7626","106.6601","0.99"
"LOG-2-0314","EMP-2011","Trịnh Văn L 11","Engineering","Ứng dụng Di động","Giờ vào","DEV-01","Điện thoại cá nhân","18/02/2026 08:09:19","Văn phòng chính","10.7626","106.6601","0.99"
"LOG-2-0315","EMP-2014","Huỳnh Thị O 14","Engineering","Nhận diện Khuôn mặt","Giờ vào","DEV-01","Máy quét cổng chính","18/02/2026 08:12:31","Văn phòng chính","10.7626","106.6601","0.99"
"LOG-2-0316","EMP-2001","Nguyễn Văn A 1 (Test)","Engineering","Nhận diện Khuôn mặt","Giờ vào","DEV-01","Máy quét cổng chính","18/02/2026 08:12:55","Văn phòng chính","10.7626","106.6601","0.99"
"LOG-2-0317","EMP-2002","Trần Thị B 2","Engineering","Nhận diện Khuôn mặt","Giờ ra","DEV-01","Máy quét cổng chính","18/02/2026 17:02:21","Văn phòng chính","10.7626","106.6601","0.98"
"LOG-2-0318","EMP-2003","Lê Văn C 3","Engineering","Nhận diện Khuôn mặt","Giờ ra","DEV-01","Máy quét cổng chính","18/02/2026 17:05:54","Văn phòng chính","10.7626","106.6601","0.98"
"LOG-2-0319","EMP-2004","Phạm Thị D 4","Engineering","Ứng dụng Di động","Giờ ra","DEV-01","Điện thoại cá nhân","18/02/2026 17:10:20","Văn phòng chính","10.7626","106.6601","0.98"
"LOG-2-0320","EMP-2007","Đặng Văn G 7","Engineering","Ứng dụng Di động","Giờ ra","DEV-01","Điện thoại cá nhân","18/02/2026 17:29:37","Văn phòng chính","10.7626","106.6601","0.98"
"LOG-2-0321","EMP-2008","Bùi Thị H 8","Engineering","Nhận diện Khuôn mặt","Giờ ra","DEV-01","Máy quét cổng chính","18/02/2026 17:49:57","Văn phòng chính","10.7626","106.6601","0.98"
"LOG-2-0322","EMP-2011","Trịnh Văn L 11","Engineering","Ứng dụng Di động","Giờ ra","DEV-01","Điện thoại cá nhân","18/02/2026 17:58:10","Văn phòng chính","10.7626","106.6601","0.98"
"LOG-2-0323","EMP-2012","Đỗ Thị M 12","Engineering","Ứng dụng Di động","Giờ ra","DEV-01","Điện thoại cá nhân","18/02/2026 18:10:08","Văn phòng chính","10.7626","106.6601","0.98"
"LOG-2-0324","EMP-2013","Hồ Văn N 13","Engineering","Nhận diện Khuôn mặt","Giờ ra","DEV-01","Máy quét cổng chính","18/02/2026 18:13:04","Văn phòng chính","10.7626","106.6601","0.98"
"LOG-2-0325","EMP-2001","Nguyễn Văn A 1 (Test)","Engineering","Nhận diện Khuôn mặt","Giờ ra","DEV-01","Máy quét cổng chính","18/02/2026 18:17:42","Văn phòng chính","10.7626","106.6601","0.98"
"LOG-2-0326","EMP-2015","Dương Văn P 15","Engineering","Nhận diện Khuôn mặt","Giờ ra","DEV-01","Máy quét cổng chính","18/02/2026 18:37:05","Văn phòng chính","10.7626","106.6601","0.98"
"LOG-2-0327","EMP-2010","Lý Thị K 10","Engineering","Nhận diện Khuôn mặt","Giờ ra","DEV-01","Máy quét cổng chính","18/02/2026 18:48:19","Văn phòng chính","10.7626","106.6601","0.98"
"LOG-2-0328","EMP-2014","Huỳnh Thị O 14","Engineering","Nhận diện Khuôn mặt","Giờ ra","DEV-01","Máy quét cổng chính","18/02/2026 18:55:00","Văn phòng chính","10.7626","106.6601","0.98"
"LOG-2-0329","EMP-2008","Bùi Thị H 8","Engineering","Nhận diện Khuôn mặt","Giờ vào","DEV-01","Máy quét cổng chính","19/02/2026 07:22:24","Văn phòng chính","10.7626","106.6601","0.99"
"LOG-2-0330","EMP-2002","Trần Thị B 2","Engineering","Nhận diện Khuôn mặt","Giờ vào","DEV-01","Máy quét cổng chính","19/02/2026 07:22:53","Văn phòng chính","10.7626","106.6601","0.99"
"LOG-2-0331","EMP-2012","Đỗ Thị M 12","Engineering","Ứng dụng Di động","Giờ vào","DEV-01","Điện thoại cá nhân","19/02/2026 07:32:06","Văn phòng chính","10.7626","106.6601","0.99"
"LOG-2-0332","EMP-2003","Lê Văn C 3","Engineering","Nhận diện Khuôn mặt","Giờ vào","DEV-01","Máy quét cổng chính","19/02/2026 07:41:21","Văn phòng chính","10.7626","106.6601","0.99"
"LOG-2-0333","EMP-2007","Đặng Văn G 7","Engineering","Nhận diện Khuôn mặt","Giờ vào","DEV-01","Máy quét cổng chính","19/02/2026 07:41:52","Văn phòng chính","10.7626","106.6601","0.99"
"LOG-2-0334","EMP-2010","Lý Thị K 10","Engineering","Nhận diện Khuôn mặt","Giờ vào","DEV-01","Máy quét cổng chính","19/02/2026 07:47:14","Văn phòng chính","10.7626","106.6601","0.99"
"LOG-2-0335","EMP-2001","Nguyễn Văn A 1 (Test)","Engineering","Nhận diện Khuôn mặt","Giờ vào","DEV-01","Máy quét cổng chính","19/02/2026 07:48:09","Văn phòng chính","10.7626","106.6601","0.99"
"LOG-2-0336","EMP-2013","Hồ Văn N 13","Engineering","Nhận diện Khuôn mặt","Giờ vào","DEV-01","Máy quét cổng chính","19/02/2026 07:53:30","Văn phòng chính","10.7626","106.6601","0.99"
"LOG-2-0337","EMP-2004","Phạm Thị D 4","Engineering","Nhận diện Khuôn mặt","Giờ vào","DEV-01","Máy quét cổng chính","19/02/2026 07:56:44","Văn phòng chính","10.7626","106.6601","0.99"
"LOG-2-0338","EMP-2014","Huỳnh Thị O 14","Engineering","Nhận diện Khuôn mặt","Giờ vào","DEV-01","Máy quét cổng chính","19/02/2026 08:02:30","Văn phòng chính","10.7626","106.6601","0.99"
"LOG-2-0339","EMP-2015","Dương Văn P 15","Engineering","Nhận diện Khuôn mặt","Giờ vào","DEV-01","Máy quét cổng chính","19/02/2026 08:13:09","Văn phòng chính","10.7626","106.6601","0.99"
"LOG-2-0340","EMP-2003","Lê Văn C 3","Engineering","Nhận diện Khuôn mặt","Giờ ra","DEV-01","Máy quét cổng chính","19/02/2026 17:19:03","Văn phòng chính","10.7626","106.6601","0.98"
"LOG-2-0341","EMP-2010","Lý Thị K 10","Engineering","Nhận diện Khuôn mặt","Giờ ra","DEV-01","Máy quét cổng chính","19/02/2026 17:20:08","Văn phòng chính","10.7626","106.6601","0.98"
"LOG-2-0342","EMP-2007","Đặng Văn G 7","Engineering","Nhận diện Khuôn mặt","Giờ ra","DEV-01","Máy quét cổng chính","19/02/2026 17:33:02","Văn phòng chính","10.7626","106.6601","0.98"
"LOG-2-0343","EMP-2001","Nguyễn Văn A 1 (Test)","Engineering","Nhận diện Khuôn mặt","Giờ ra","DEV-01","Máy quét cổng chính","19/02/2026 17:57:14","Văn phòng chính","10.7626","106.6601","0.98"
"LOG-2-0344","EMP-2013","Hồ Văn N 13","Engineering","Nhận diện Khuôn mặt","Giờ ra","DEV-01","Máy quét cổng chính","19/02/2026 18:13:18","Văn phòng chính","10.7626","106.6601","0.98"
"LOG-2-0345","EMP-2002","Trần Thị B 2","Engineering","Nhận diện Khuôn mặt","Giờ ra","DEV-01","Máy quét cổng chính","19/02/2026 18:23:27","Văn phòng chính","10.7626","106.6601","0.98"
"LOG-2-0346","EMP-2008","Bùi Thị H 8","Engineering","Nhận diện Khuôn mặt","Giờ ra","DEV-01","Máy quét cổng chính","19/02/2026 18:28:39","Văn phòng chính","10.7626","106.6601","0.98"
"LOG-2-0347","EMP-2015","Dương Văn P 15","Engineering","Nhận diện Khuôn mặt","Giờ ra","DEV-01","Máy quét cổng chính","19/02/2026 18:35:04","Văn phòng chính","10.7626","106.6601","0.98"
"LOG-2-0348","EMP-2004","Phạm Thị D 4","Engineering","Nhận diện Khuôn mặt","Giờ ra","DEV-01","Máy quét cổng chính","19/02/2026 18:37:53","Văn phòng chính","10.7626","106.6601","0.98"
"LOG-2-0349","EMP-2014","Huỳnh Thị O 14","Engineering","Nhận diện Khuôn mặt","Giờ ra","DEV-01","Máy quét cổng chính","19/02/2026 18:50:39","Văn phòng chính","10.7626","106.6601","0.98"
"LOG-2-0350","EMP-2012","Đỗ Thị M 12","Engineering","Ứng dụng Di động","Giờ ra","DEV-01","Điện thoại cá nhân","19/02/2026 18:52:56","Văn phòng chính","10.7626","106.6601","0.98"
"LOG-2-0351","EMP-2007","Đặng Văn G 7","Engineering","Ứng dụng Di động","Giờ vào","DEV-01","Điện thoại cá nhân","20/02/2026 07:16:49","Văn phòng chính","10.7626","106.6601","0.99"
"LOG-2-0352","EMP-2003","Lê Văn C 3","Engineering","Nhận diện Khuôn mặt","Giờ vào","DEV-01","Máy quét cổng chính","20/02/2026 07:27:48","Văn phòng chính","10.7626","106.6601","0.99"
"LOG-2-0353","EMP-2010","Lý Thị K 10","Engineering","Nhận diện Khuôn mặt","Giờ vào","DEV-01","Máy quét cổng chính","20/02/2026 07:35:15","Văn phòng chính","10.7626","106.6601","0.99"
"LOG-2-0354","EMP-2011","Trịnh Văn L 11","Engineering","Nhận diện Khuôn mặt","Giờ vào","DEV-01","Máy quét cổng chính","20/02/2026 07:47:05","Văn phòng chính","10.7626","106.6601","0.99"
"LOG-2-0355","EMP-2002","Trần Thị B 2","Engineering","Ứng dụng Di động","Giờ vào","DEV-01","Điện thoại cá nhân","20/02/2026 07:50:07","Văn phòng chính","10.7626","106.6601","0.99"
"LOG-2-0356","EMP-2015","Dương Văn P 15","Engineering","Nhận diện Khuôn mặt","Giờ vào","DEV-01","Máy quét cổng chính","20/02/2026 07:56:30","Văn phòng chính","10.7626","106.6601","0.99"
"LOG-2-0357","EMP-2013","Hồ Văn N 13","Engineering","Nhận diện Khuôn mặt","Giờ vào","DEV-01","Máy quét cổng chính","20/02/2026 07:58:51","Văn phòng chính","10.7626","106.6601","0.99"
"LOG-2-0358","EMP-2012","Đỗ Thị M 12","Engineering","Nhận diện Khuôn mặt","Giờ vào","DEV-01","Máy quét cổng chính","20/02/2026 07:59:37","Văn phòng chính","10.7626","106.6601","0.99"
"LOG-2-0359","EMP-2008","Bùi Thị H 8","Engineering","Ứng dụng Di động","Giờ vào","DEV-01","Điện thoại cá nhân","20/02/2026 08:04:08","Văn phòng chính","10.7626","106.6601","0.99"
"LOG-2-0360","EMP-2014","Huỳnh Thị O 14","Engineering","Nhận diện Khuôn mặt","Giờ vào","DEV-01","Máy quét cổng chính","20/02/2026 08:09:24","Văn phòng chính","10.7626","106.6601","0.99"
"LOG-2-0361","EMP-2001","Nguyễn Văn A 1 (Test)","Engineering","Nhận diện Khuôn mặt","Giờ vào","DEV-01","Máy quét cổng chính","20/02/2026 08:14:21","Văn phòng chính","10.7626","106.6601","0.99"
"LOG-2-0362","EMP-2001","Nguyễn Văn A 1 (Test)","Engineering","Nhận diện Khuôn mặt","Giờ ra","DEV-01","Máy quét cổng chính","20/02/2026 17:06:41","Văn phòng chính","10.7626","106.6601","0.98"
"LOG-2-0363","EMP-2012","Đỗ Thị M 12","Engineering","Nhận diện Khuôn mặt","Giờ ra","DEV-01","Máy quét cổng chính","20/02/2026 17:07:09","Văn phòng chính","10.7626","106.6601","0.98"
"LOG-2-0364","EMP-2015","Dương Văn P 15","Engineering","Nhận diện Khuôn mặt","Giờ ra","DEV-01","Máy quét cổng chính","20/02/2026 17:19:11","Văn phòng chính","10.7626","106.6601","0.98"
"LOG-2-0365","EMP-2013","Hồ Văn N 13","Engineering","Nhận diện Khuôn mặt","Giờ ra","DEV-01","Máy quét cổng chính","20/02/2026 17:23:53","Văn phòng chính","10.7626","106.6601","0.98"
"LOG-2-0366","EMP-2002","Trần Thị B 2","Engineering","Ứng dụng Di động","Giờ ra","DEV-01","Điện thoại cá nhân","20/02/2026 17:28:35","Văn phòng chính","10.7626","106.6601","0.98"
"LOG-2-0367","EMP-2011","Trịnh Văn L 11","Engineering","Nhận diện Khuôn mặt","Giờ ra","DEV-01","Máy quét cổng chính","20/02/2026 17:32:58","Văn phòng chính","10.7626","106.6601","0.98"
"LOG-2-0368","EMP-2007","Đặng Văn G 7","Engineering","Ứng dụng Di động","Giờ ra","DEV-01","Điện thoại cá nhân","20/02/2026 17:34:17","Văn phòng chính","10.7626","106.6601","0.98"
"LOG-2-0369","EMP-2014","Huỳnh Thị O 14","Engineering","Nhận diện Khuôn mặt","Giờ ra","DEV-01","Máy quét cổng chính","20/02/2026 17:47:01","Văn phòng chính","10.7626","106.6601","0.98"
"LOG-2-0370","EMP-2008","Bùi Thị H 8","Engineering","Ứng dụng Di động","Giờ ra","DEV-01","Điện thoại cá nhân","20/02/2026 18:20:42","Văn phòng chính","10.7626","106.6601","0.98"
"LOG-2-0371","EMP-2003","Lê Văn C 3","Engineering","Nhận diện Khuôn mặt","Giờ ra","DEV-01","Máy quét cổng chính","20/02/2026 18:41:12","Văn phòng chính","10.7626","106.6601","0.98"
"LOG-2-0372","EMP-2010","Lý Thị K 10","Engineering","Nhận diện Khuôn mặt","Giờ ra","DEV-01","Máy quét cổng chính","20/02/2026 18:53:46","Văn phòng chính","10.7626","106.6601","0.98"
"LOG-2-0373","EMP-2011","Trịnh Văn L 11","Engineering","Nhận diện Khuôn mặt","Giờ vào","DEV-01","Máy quét cổng chính","21/02/2026 07:25:21","Văn phòng chính","10.7626","106.6601","0.99"
"LOG-2-0374","EMP-2002","Trần Thị B 2","Engineering","Nhận diện Khuôn mặt","Giờ vào","DEV-01","Máy quét cổng chính","21/02/2026 08:07:24","Văn phòng chính","10.7626","106.6601","0.99"
"LOG-2-0375","EMP-2004","Phạm Thị D 4","Engineering","Nhận diện Khuôn mặt","Giờ vào","DEV-01","Máy quét cổng chính","21/02/2026 08:11:46","Văn phòng chính","10.7626","106.6601","0.99"
"LOG-2-0376","EMP-2002","Trần Thị B 2","Engineering","Nhận diện Khuôn mặt","Giờ ra","DEV-01","Máy quét cổng chính","21/02/2026 17:55:59","Văn phòng chính","10.7626","106.6601","0.98"
"LOG-2-0377","EMP-2011","Trịnh Văn L 11","Engineering","Nhận diện Khuôn mặt","Giờ ra","DEV-01","Máy quét cổng chính","21/02/2026 17:56:51","Văn phòng chính","10.7626","106.6601","0.98"
"LOG-2-0378","EMP-2004","Phạm Thị D 4","Engineering","Nhận diện Khuôn mặt","Giờ ra","DEV-01","Máy quét cổng chính","21/02/2026 18:29:10","Văn phòng chính","10.7626","106.6601","0.98"
"LOG-2-0379","EMP-2010","Lý Thị K 10","Engineering","Nhận diện Khuôn mặt","Giờ vào","DEV-01","Máy quét cổng chính","22/02/2026 07:42:18","Văn phòng chính","10.7626","106.6601","0.99"
"LOG-2-0380","EMP-2010","Lý Thị K 10","Engineering","Nhận diện Khuôn mặt","Giờ ra","DEV-01","Máy quét cổng chính","22/02/2026 18:14:05","Văn phòng chính","10.7626","106.6601","0.98"
"LOG-2-0381","EMP-2002","Trần Thị B 2","Engineering","Nhận diện Khuôn mặt","Giờ vào","DEV-01","Máy quét cổng chính","23/02/2026 07:16:58","Văn phòng chính","10.7626","106.6601","0.99"
"LOG-2-0382","EMP-2013","Hồ Văn N 13","Engineering","Nhận diện Khuôn mặt","Giờ vào","DEV-01","Máy quét cổng chính","23/02/2026 07:20:39","Văn phòng chính","10.7626","106.6601","0.99"
"LOG-2-0383","EMP-2015","Dương Văn P 15","Engineering","Nhận diện Khuôn mặt","Giờ vào","DEV-01","Máy quét cổng chính","23/02/2026 07:20:54","Văn phòng chính","10.7626","106.6601","0.99"
"LOG-2-0384","EMP-2008","Bùi Thị H 8","Engineering","Nhận diện Khuôn mặt","Giờ vào","DEV-01","Máy quét cổng chính","23/02/2026 07:20:56","Văn phòng chính","10.7626","106.6601","0.99"
"LOG-2-0385","EMP-2003","Lê Văn C 3","Engineering","Nhận diện Khuôn mặt","Giờ vào","DEV-01","Máy quét cổng chính","23/02/2026 07:27:35","Văn phòng chính","10.7626","106.6601","0.99"
"LOG-2-0386","EMP-2011","Trịnh Văn L 11","Engineering","Nhận diện Khuôn mặt","Giờ vào","DEV-01","Máy quét cổng chính","23/02/2026 07:32:34","Văn phòng chính","10.7626","106.6601","0.99"
"LOG-2-0387","EMP-2001","Nguyễn Văn A 1 (Test)","Engineering","Nhận diện Khuôn mặt","Giờ vào","DEV-01","Máy quét cổng chính","23/02/2026 07:33:32","Văn phòng chính","10.7626","106.6601","0.99"
"LOG-2-0388","EMP-2004","Phạm Thị D 4","Engineering","Nhận diện Khuôn mặt","Giờ vào","DEV-01","Máy quét cổng chính","23/02/2026 07:40:01","Văn phòng chính","10.7626","106.6601","0.99"
"LOG-2-0389","EMP-2007","Đặng Văn G 7","Engineering","Ứng dụng Di động","Giờ vào","DEV-01","Điện thoại cá nhân","23/02/2026 07:56:54","Văn phòng chính","10.7626","106.6601","0.99"
"LOG-2-0390","EMP-2014","Huỳnh Thị O 14","Engineering","Nhận diện Khuôn mặt","Giờ vào","DEV-01","Máy quét cổng chính","23/02/2026 07:59:22","Văn phòng chính","10.7626","106.6601","0.99"
"LOG-2-0391","EMP-2012","Đỗ Thị M 12","Engineering","Nhận diện Khuôn mặt","Giờ vào","DEV-01","Máy quét cổng chính","23/02/2026 08:03:34","Văn phòng chính","10.7626","106.6601","0.99"
"LOG-2-0392","EMP-2010","Lý Thị K 10","Engineering","Nhận diện Khuôn mặt","Giờ vào","DEV-01","Máy quét cổng chính","23/02/2026 08:05:14","Văn phòng chính","10.7626","106.6601","0.99"
"LOG-2-0393","EMP-2004","Phạm Thị D 4","Engineering","Nhận diện Khuôn mặt","Giờ ra","DEV-01","Máy quét cổng chính","23/02/2026 17:03:14","Văn phòng chính","10.7626","106.6601","0.98"
"LOG-2-0394","EMP-2012","Đỗ Thị M 12","Engineering","Nhận diện Khuôn mặt","Giờ ra","DEV-01","Máy quét cổng chính","23/02/2026 17:06:07","Văn phòng chính","10.7626","106.6601","0.98"
"LOG-2-0395","EMP-2013","Hồ Văn N 13","Engineering","Nhận diện Khuôn mặt","Giờ ra","DEV-01","Máy quét cổng chính","23/02/2026 17:20:36","Văn phòng chính","10.7626","106.6601","0.98"
"LOG-2-0396","EMP-2011","Trịnh Văn L 11","Engineering","Nhận diện Khuôn mặt","Giờ ra","DEV-01","Máy quét cổng chính","23/02/2026 17:28:28","Văn phòng chính","10.7626","106.6601","0.98"
"LOG-2-0397","EMP-2010","Lý Thị K 10","Engineering","Nhận diện Khuôn mặt","Giờ ra","DEV-01","Máy quét cổng chính","23/02/2026 17:37:13","Văn phòng chính","10.7626","106.6601","0.98"
"LOG-2-0398","EMP-2001","Nguyễn Văn A 1 (Test)","Engineering","Nhận diện Khuôn mặt","Giờ ra","DEV-01","Máy quét cổng chính","23/02/2026 17:41:32","Văn phòng chính","10.7626","106.6601","0.98"
"LOG-2-0399","EMP-2014","Huỳnh Thị O 14","Engineering","Nhận diện Khuôn mặt","Giờ ra","DEV-01","Máy quét cổng chính","23/02/2026 17:48:07","Văn phòng chính","10.7626","106.6601","0.98"
"LOG-2-0400","EMP-2007","Đặng Văn G 7","Engineering","Ứng dụng Di động","Giờ ra","DEV-01","Điện thoại cá nhân","23/02/2026 18:09:37","Văn phòng chính","10.7626","106.6601","0.98"
"LOG-2-0401","EMP-2002","Trần Thị B 2","Engineering","Nhận diện Khuôn mặt","Giờ ra","DEV-01","Máy quét cổng chính","23/02/2026 18:10:19","Văn phòng chính","10.7626","106.6601","0.98"
"LOG-2-0402","EMP-2003","Lê Văn C 3","Engineering","Nhận diện Khuôn mặt","Giờ ra","DEV-01","Máy quét cổng chính","23/02/2026 18:27:13","Văn phòng chính","10.7626","106.6601","0.98"
"LOG-2-0403","EMP-2008","Bùi Thị H 8","Engineering","Nhận diện Khuôn mặt","Giờ ra","DEV-01","Máy quét cổng chính","23/02/2026 18:29:04","Văn phòng chính","10.7626","106.6601","0.98"
"LOG-2-0404","EMP-2015","Dương Văn P 15","Engineering","Nhận diện Khuôn mặt","Giờ ra","DEV-01","Máy quét cổng chính","23/02/2026 18:30:09","Văn phòng chính","10.7626","106.6601","0.98"
"LOG-2-0405","EMP-2001","Nguyễn Văn A 1 (Test)","Engineering","Nhận diện Khuôn mặt","Giờ vào","DEV-01","Máy quét cổng chính","24/02/2026 07:16:55","Văn phòng chính","10.7626","106.6601","0.99"
"LOG-2-0406","EMP-2011","Trịnh Văn L 11","Engineering","Nhận diện Khuôn mặt","Giờ vào","DEV-01","Máy quét cổng chính","24/02/2026 07:22:06","Văn phòng chính","10.7626","106.6601","0.99"
"LOG-2-0407","EMP-2003","Lê Văn C 3","Engineering","Nhận diện Khuôn mặt","Giờ vào","DEV-01","Máy quét cổng chính","24/02/2026 07:35:31","Văn phòng chính","10.7626","106.6601","0.99"
"LOG-2-0408","EMP-2015","Dương Văn P 15","Engineering","Nhận diện Khuôn mặt","Giờ vào","DEV-01","Máy quét cổng chính","24/02/2026 07:36:17","Văn phòng chính","10.7626","106.6601","0.99"
"LOG-2-0409","EMP-2013","Hồ Văn N 13","Engineering","Nhận diện Khuôn mặt","Giờ vào","DEV-01","Máy quét cổng chính","24/02/2026 07:41:52","Văn phòng chính","10.7626","106.6601","0.99"
"LOG-2-0410","EMP-2002","Trần Thị B 2","Engineering","Nhận diện Khuôn mặt","Giờ vào","DEV-01","Máy quét cổng chính","24/02/2026 07:42:15","Văn phòng chính","10.7626","106.6601","0.99"
"LOG-2-0411","EMP-2010","Lý Thị K 10","Engineering","Nhận diện Khuôn mặt","Giờ vào","DEV-01","Máy quét cổng chính","24/02/2026 07:44:52","Văn phòng chính","10.7626","106.6601","0.99"
"LOG-2-0412","EMP-2014","Huỳnh Thị O 14","Engineering","Nhận diện Khuôn mặt","Giờ vào","DEV-01","Máy quét cổng chính","24/02/2026 07:53:57","Văn phòng chính","10.7626","106.6601","0.99"
"LOG-2-0413","EMP-2007","Đặng Văn G 7","Engineering","Nhận diện Khuôn mặt","Giờ vào","DEV-01","Máy quét cổng chính","24/02/2026 08:00:22","Văn phòng chính","10.7626","106.6601","0.99"
"LOG-2-0414","EMP-2004","Phạm Thị D 4","Engineering","Nhận diện Khuôn mặt","Giờ vào","DEV-01","Máy quét cổng chính","24/02/2026 08:01:52","Văn phòng chính","10.7626","106.6601","0.99"
"LOG-2-0415","EMP-2008","Bùi Thị H 8","Engineering","Nhận diện Khuôn mặt","Giờ vào","DEV-01","Máy quét cổng chính","24/02/2026 08:09:50","Văn phòng chính","10.7626","106.6601","0.99"
"LOG-2-0416","EMP-2012","Đỗ Thị M 12","Engineering","Nhận diện Khuôn mặt","Giờ vào","DEV-01","Máy quét cổng chính","24/02/2026 08:14:29","Văn phòng chính","10.7626","106.6601","0.99"
"LOG-2-0417","EMP-2012","Đỗ Thị M 12","Engineering","Nhận diện Khuôn mặt","Giờ ra","DEV-01","Máy quét cổng chính","24/02/2026 17:21:32","Văn phòng chính","10.7626","106.6601","0.98"
"LOG-2-0418","EMP-2010","Lý Thị K 10","Engineering","Nhận diện Khuôn mặt","Giờ ra","DEV-01","Máy quét cổng chính","24/02/2026 17:37:39","Văn phòng chính","10.7626","106.6601","0.98"
"LOG-2-0419","EMP-2013","Hồ Văn N 13","Engineering","Nhận diện Khuôn mặt","Giờ ra","DEV-01","Máy quét cổng chính","24/02/2026 17:47:17","Văn phòng chính","10.7626","106.6601","0.98"
"LOG-2-0420","EMP-2004","Phạm Thị D 4","Engineering","Nhận diện Khuôn mặt","Giờ ra","DEV-01","Máy quét cổng chính","24/02/2026 17:51:13","Văn phòng chính","10.7626","106.6601","0.98"
"LOG-2-0421","EMP-2001","Nguyễn Văn A 1 (Test)","Engineering","Nhận diện Khuôn mặt","Giờ ra","DEV-01","Máy quét cổng chính","24/02/2026 18:06:38","Văn phòng chính","10.7626","106.6601","0.98"
"LOG-2-0422","EMP-2003","Lê Văn C 3","Engineering","Nhận diện Khuôn mặt","Giờ ra","DEV-01","Máy quét cổng chính","24/02/2026 18:08:22","Văn phòng chính","10.7626","106.6601","0.98"
"LOG-2-0423","EMP-2015","Dương Văn P 15","Engineering","Nhận diện Khuôn mặt","Giờ ra","DEV-01","Máy quét cổng chính","24/02/2026 18:32:02","Văn phòng chính","10.7626","106.6601","0.98"
"LOG-2-0424","EMP-2011","Trịnh Văn L 11","Engineering","Nhận diện Khuôn mặt","Giờ ra","DEV-01","Máy quét cổng chính","24/02/2026 18:37:25","Văn phòng chính","10.7626","106.6601","0.98"
"LOG-2-0425","EMP-2008","Bùi Thị H 8","Engineering","Nhận diện Khuôn mặt","Giờ ra","DEV-01","Máy quét cổng chính","24/02/2026 18:41:57","Văn phòng chính","10.7626","106.6601","0.98"
"LOG-2-0426","EMP-2002","Trần Thị B 2","Engineering","Nhận diện Khuôn mặt","Giờ ra","DEV-01","Máy quét cổng chính","24/02/2026 18:50:54","Văn phòng chính","10.7626","106.6601","0.98"
"LOG-2-0427","EMP-2007","Đặng Văn G 7","Engineering","Nhận diện Khuôn mặt","Giờ ra","DEV-01","Máy quét cổng chính","24/02/2026 18:52:03","Văn phòng chính","10.7626","106.6601","0.98"
"LOG-2-0428","EMP-2014","Huỳnh Thị O 14","Engineering","Nhận diện Khuôn mặt","Giờ ra","DEV-01","Máy quét cổng chính","24/02/2026 18:55:47","Văn phòng chính","10.7626","106.6601","0.98"
"LOG-2-0429","EMP-2003","Lê Văn C 3","Engineering","Nhận diện Khuôn mặt","Giờ vào","DEV-01","Máy quét cổng chính","25/02/2026 07:15:19","Văn phòng chính","10.7626","106.6601","0.99"
"LOG-2-0430","EMP-2001","Nguyễn Văn A 1 (Test)","Engineering","Nhận diện Khuôn mặt","Giờ vào","DEV-01","Máy quét cổng chính","25/02/2026 07:32:46","Văn phòng chính","10.7626","106.6601","0.99"
"LOG-2-0431","EMP-2010","Lý Thị K 10","Engineering","Nhận diện Khuôn mặt","Giờ vào","DEV-01","Máy quét cổng chính","25/02/2026 07:33:16","Văn phòng chính","10.7626","106.6601","0.99"
"LOG-2-0432","EMP-2004","Phạm Thị D 4","Engineering","Nhận diện Khuôn mặt","Giờ vào","DEV-01","Máy quét cổng chính","25/02/2026 07:35:06","Văn phòng chính","10.7626","106.6601","0.99"
"LOG-2-0433","EMP-2011","Trịnh Văn L 11","Engineering","Nhận diện Khuôn mặt","Giờ vào","DEV-01","Máy quét cổng chính","25/02/2026 07:39:16","Văn phòng chính","10.7626","106.6601","0.99"
"LOG-2-0434","EMP-2013","Hồ Văn N 13","Engineering","Nhận diện Khuôn mặt","Giờ vào","DEV-01","Máy quét cổng chính","25/02/2026 07:49:16","Văn phòng chính","10.7626","106.6601","0.99"
"LOG-2-0435","EMP-2008","Bùi Thị H 8","Engineering","Nhận diện Khuôn mặt","Giờ vào","DEV-01","Máy quét cổng chính","25/02/2026 07:50:52","Văn phòng chính","10.7626","106.6601","0.99"
"LOG-2-0436","EMP-2015","Dương Văn P 15","Engineering","Nhận diện Khuôn mặt","Giờ vào","DEV-01","Máy quét cổng chính","25/02/2026 07:51:39","Văn phòng chính","10.7626","106.6601","0.99"
"LOG-2-0437","EMP-2012","Đỗ Thị M 12","Engineering","Nhận diện Khuôn mặt","Giờ vào","DEV-01","Máy quét cổng chính","25/02/2026 07:51:55","Văn phòng chính","10.7626","106.6601","0.99"
"LOG-2-0438","EMP-2002","Trần Thị B 2","Engineering","Nhận diện Khuôn mặt","Giờ vào","DEV-01","Máy quét cổng chính","25/02/2026 08:02:50","Văn phòng chính","10.7626","106.6601","0.99"
"LOG-2-0439","EMP-2014","Huỳnh Thị O 14","Engineering","Nhận diện Khuôn mặt","Giờ vào","DEV-01","Máy quét cổng chính","25/02/2026 08:05:18","Văn phòng chính","10.7626","106.6601","0.99"
"LOG-2-0440","EMP-2007","Đặng Văn G 7","Engineering","Nhận diện Khuôn mặt","Giờ vào","DEV-01","Máy quét cổng chính","25/02/2026 08:05:40","Văn phòng chính","10.7626","106.6601","0.99"
"LOG-2-0441","EMP-2011","Trịnh Văn L 11","Engineering","Nhận diện Khuôn mặt","Giờ ra","DEV-01","Máy quét cổng chính","25/02/2026 17:00:36","Văn phòng chính","10.7626","106.6601","0.98"
"LOG-2-0442","EMP-2001","Nguyễn Văn A 1 (Test)","Engineering","Nhận diện Khuôn mặt","Giờ ra","DEV-01","Máy quét cổng chính","25/02/2026 17:01:36","Văn phòng chính","10.7626","106.6601","0.98"
"LOG-2-0443","EMP-2010","Lý Thị K 10","Engineering","Nhận diện Khuôn mặt","Giờ ra","DEV-01","Máy quét cổng chính","25/02/2026 17:06:09","Văn phòng chính","10.7626","106.6601","0.98"
"LOG-2-0444","EMP-2014","Huỳnh Thị O 14","Engineering","Nhận diện Khuôn mặt","Giờ ra","DEV-01","Máy quét cổng chính","25/02/2026 17:15:17","Văn phòng chính","10.7626","106.6601","0.98"
"LOG-2-0445","EMP-2002","Trần Thị B 2","Engineering","Nhận diện Khuôn mặt","Giờ ra","DEV-01","Máy quét cổng chính","25/02/2026 17:20:00","Văn phòng chính","10.7626","106.6601","0.98"
"LOG-2-0446","EMP-2004","Phạm Thị D 4","Engineering","Nhận diện Khuôn mặt","Giờ ra","DEV-01","Máy quét cổng chính","25/02/2026 17:38:19","Văn phòng chính","10.7626","106.6601","0.98"
"LOG-2-0447","EMP-2008","Bùi Thị H 8","Engineering","Nhận diện Khuôn mặt","Giờ ra","DEV-01","Máy quét cổng chính","25/02/2026 17:40:07","Văn phòng chính","10.7626","106.6601","0.98"
"LOG-2-0448","EMP-2013","Hồ Văn N 13","Engineering","Nhận diện Khuôn mặt","Giờ ra","DEV-01","Máy quét cổng chính","25/02/2026 17:43:26","Văn phòng chính","10.7626","106.6601","0.98"
"LOG-2-0449","EMP-2012","Đỗ Thị M 12","Engineering","Nhận diện Khuôn mặt","Giờ ra","DEV-01","Máy quét cổng chính","25/02/2026 17:48:11","Văn phòng chính","10.7626","106.6601","0.98"
"LOG-2-0450","EMP-2003","Lê Văn C 3","Engineering","Nhận diện Khuôn mặt","Giờ ra","DEV-01","Máy quét cổng chính","25/02/2026 18:21:29","Văn phòng chính","10.7626","106.6601","0.98"
"LOG-2-0451","EMP-2007","Đặng Văn G 7","Engineering","Nhận diện Khuôn mặt","Giờ ra","DEV-01","Máy quét cổng chính","25/02/2026 18:46:58","Văn phòng chính","10.7626","106.6601","0.98"
"LOG-2-0452","EMP-2015","Dương Văn P 15","Engineering","Nhận diện Khuôn mặt","Giờ ra","DEV-01","Máy quét cổng chính","25/02/2026 18:55:20","Văn phòng chính","10.7626","106.6601","0.98"
"LOG-2-0453","EMP-2008","Bùi Thị H 8","Engineering","Ứng dụng Di động","Giờ vào","DEV-01","Điện thoại cá nhân","26/02/2026 07:16:19","Văn phòng chính","10.7626","106.6601","0.99"
"LOG-2-0454","EMP-2015","Dương Văn P 15","Engineering","Ứng dụng Di động","Giờ vào","DEV-01","Điện thoại cá nhân","26/02/2026 07:26:40","Văn phòng chính","10.7626","106.6601","0.99"
"LOG-2-0455","EMP-2011","Trịnh Văn L 11","Engineering","Nhận diện Khuôn mặt","Giờ vào","DEV-01","Máy quét cổng chính","26/02/2026 07:27:04","Văn phòng chính","10.7626","106.6601","0.99"
"LOG-2-0456","EMP-2013","Hồ Văn N 13","Engineering","Nhận diện Khuôn mặt","Giờ vào","DEV-01","Máy quét cổng chính","26/02/2026 07:28:51","Văn phòng chính","10.7626","106.6601","0.99"
"LOG-2-0457","EMP-2002","Trần Thị B 2","Engineering","Nhận diện Khuôn mặt","Giờ vào","DEV-01","Máy quét cổng chính","26/02/2026 07:28:57","Văn phòng chính","10.7626","106.6601","0.99"
"LOG-2-0458","EMP-2007","Đặng Văn G 7","Engineering","Nhận diện Khuôn mặt","Giờ vào","DEV-01","Máy quét cổng chính","26/02/2026 07:38:24","Văn phòng chính","10.7626","106.6601","0.99"
"LOG-2-0459","EMP-2010","Lý Thị K 10","Engineering","Nhận diện Khuôn mặt","Giờ vào","DEV-01","Máy quét cổng chính","26/02/2026 07:46:22","Văn phòng chính","10.7626","106.6601","0.99"
"LOG-2-0460","EMP-2001","Nguyễn Văn A 1 (Test)","Engineering","Nhận diện Khuôn mặt","Giờ vào","DEV-01","Máy quét cổng chính","26/02/2026 07:49:54","Văn phòng chính","10.7626","106.6601","0.99"
"LOG-2-0461","EMP-2003","Lê Văn C 3","Engineering","Nhận diện Khuôn mặt","Giờ vào","DEV-01","Máy quét cổng chính","26/02/2026 07:51:31","Văn phòng chính","10.7626","106.6601","0.99"
"LOG-2-0462","EMP-2014","Huỳnh Thị O 14","Engineering","Ứng dụng Di động","Giờ vào","DEV-01","Điện thoại cá nhân","26/02/2026 07:51:59","Văn phòng chính","10.7626","106.6601","0.99"
"LOG-2-0463","EMP-2012","Đỗ Thị M 12","Engineering","Nhận diện Khuôn mặt","Giờ vào","DEV-01","Máy quét cổng chính","26/02/2026 08:01:42","Văn phòng chính","10.7626","106.6601","0.99"
"LOG-2-0464","EMP-2004","Phạm Thị D 4","Engineering","Nhận diện Khuôn mặt","Giờ vào","DEV-01","Máy quét cổng chính","26/02/2026 08:13:41","Văn phòng chính","10.7626","106.6601","0.99"
"LOG-2-0465","EMP-2013","Hồ Văn N 13","Engineering","Nhận diện Khuôn mặt","Giờ ra","DEV-01","Máy quét cổng chính","26/02/2026 17:04:36","Văn phòng chính","10.7626","106.6601","0.98"
"LOG-2-0466","EMP-2002","Trần Thị B 2","Engineering","Nhận diện Khuôn mặt","Giờ ra","DEV-01","Máy quét cổng chính","26/02/2026 17:14:28","Văn phòng chính","10.7626","106.6601","0.98"
"LOG-2-0467","EMP-2001","Nguyễn Văn A 1 (Test)","Engineering","Nhận diện Khuôn mặt","Giờ ra","DEV-01","Máy quét cổng chính","26/02/2026 17:15:34","Văn phòng chính","10.7626","106.6601","0.98"
"LOG-2-0468","EMP-2003","Lê Văn C 3","Engineering","Nhận diện Khuôn mặt","Giờ ra","DEV-01","Máy quét cổng chính","26/02/2026 17:18:39","Văn phòng chính","10.7626","106.6601","0.98"
"LOG-2-0469","EMP-2004","Phạm Thị D 4","Engineering","Nhận diện Khuôn mặt","Giờ ra","DEV-01","Máy quét cổng chính","26/02/2026 17:19:59","Văn phòng chính","10.7626","106.6601","0.98"
"LOG-2-0470","EMP-2012","Đỗ Thị M 12","Engineering","Nhận diện Khuôn mặt","Giờ ra","DEV-01","Máy quét cổng chính","26/02/2026 17:26:01","Văn phòng chính","10.7626","106.6601","0.98"
"LOG-2-0471","EMP-2008","Bùi Thị H 8","Engineering","Ứng dụng Di động","Giờ ra","DEV-01","Điện thoại cá nhân","26/02/2026 17:45:12","Văn phòng chính","10.7626","106.6601","0.98"
"LOG-2-0472","EMP-2010","Lý Thị K 10","Engineering","Nhận diện Khuôn mặt","Giờ ra","DEV-01","Máy quét cổng chính","26/02/2026 18:17:18","Văn phòng chính","10.7626","106.6601","0.98"
"LOG-2-0473","EMP-2007","Đặng Văn G 7","Engineering","Nhận diện Khuôn mặt","Giờ ra","DEV-01","Máy quét cổng chính","26/02/2026 18:20:28","Văn phòng chính","10.7626","106.6601","0.98"
"LOG-2-0474","EMP-2011","Trịnh Văn L 11","Engineering","Nhận diện Khuôn mặt","Giờ ra","DEV-01","Máy quét cổng chính","26/02/2026 18:22:36","Văn phòng chính","10.7626","106.6601","0.98"
"LOG-2-0475","EMP-2014","Huỳnh Thị O 14","Engineering","Ứng dụng Di động","Giờ ra","DEV-01","Điện thoại cá nhân","26/02/2026 18:54:04","Văn phòng chính","10.7626","106.6601","0.98"
"LOG-2-0476","EMP-2015","Dương Văn P 15","Engineering","Ứng dụng Di động","Giờ ra","DEV-01","Điện thoại cá nhân","26/02/2026 18:58:46","Văn phòng chính","10.7626","106.6601","0.98"
"LOG-2-0477","EMP-2013","Hồ Văn N 13","Engineering","Nhận diện Khuôn mặt","Giờ vào","DEV-01","Máy quét cổng chính","27/02/2026 07:15:52","Văn phòng chính","10.7626","106.6601","0.99"
"LOG-2-0478","EMP-2002","Trần Thị B 2","Engineering","Nhận diện Khuôn mặt","Giờ vào","DEV-01","Máy quét cổng chính","27/02/2026 07:17:24","Văn phòng chính","10.7626","106.6601","0.99"
"LOG-2-0479","EMP-2003","Lê Văn C 3","Engineering","Nhận diện Khuôn mặt","Giờ vào","DEV-01","Máy quét cổng chính","27/02/2026 07:21:05","Văn phòng chính","10.7626","106.6601","0.99"
"LOG-2-0480","EMP-2008","Bùi Thị H 8","Engineering","Nhận diện Khuôn mặt","Giờ vào","DEV-01","Máy quét cổng chính","27/02/2026 07:34:38","Văn phòng chính","10.7626","106.6601","0.99"
"LOG-2-0481","EMP-2007","Đặng Văn G 7","Engineering","Nhận diện Khuôn mặt","Giờ vào","DEV-01","Máy quét cổng chính","27/02/2026 07:44:29","Văn phòng chính","10.7626","106.6601","0.99"
"LOG-2-0482","EMP-2015","Dương Văn P 15","Engineering","Nhận diện Khuôn mặt","Giờ vào","DEV-01","Máy quét cổng chính","27/02/2026 07:45:24","Văn phòng chính","10.7626","106.6601","0.99"
"LOG-2-0483","EMP-2001","Nguyễn Văn A 1 (Test)","Engineering","Nhận diện Khuôn mặt","Giờ vào","DEV-01","Máy quét cổng chính","27/02/2026 07:52:59","Văn phòng chính","10.7626","106.6601","0.99"
"LOG-2-0484","EMP-2012","Đỗ Thị M 12","Engineering","Nhận diện Khuôn mặt","Giờ vào","DEV-01","Máy quét cổng chính","27/02/2026 07:56:10","Văn phòng chính","10.7626","106.6601","0.99"
"LOG-2-0485","EMP-2004","Phạm Thị D 4","Engineering","Nhận diện Khuôn mặt","Giờ vào","DEV-01","Máy quét cổng chính","27/02/2026 07:58:13","Văn phòng chính","10.7626","106.6601","0.99"
"LOG-2-0486","EMP-2014","Huỳnh Thị O 14","Engineering","Nhận diện Khuôn mặt","Giờ vào","DEV-01","Máy quét cổng chính","27/02/2026 07:59:48","Văn phòng chính","10.7626","106.6601","0.99"
"LOG-2-0487","EMP-2011","Trịnh Văn L 11","Engineering","Nhận diện Khuôn mặt","Giờ vào","DEV-01","Máy quét cổng chính","27/02/2026 08:10:27","Văn phòng chính","10.7626","106.6601","0.99"
"LOG-2-0488","EMP-2010","Lý Thị K 10","Engineering","Nhận diện Khuôn mặt","Giờ vào","DEV-01","Máy quét cổng chính","27/02/2026 08:11:54","Văn phòng chính","10.7626","106.6601","0.99"
"LOG-2-0489","EMP-2015","Dương Văn P 15","Engineering","Nhận diện Khuôn mặt","Giờ ra","DEV-01","Máy quét cổng chính","27/02/2026 17:01:04","Văn phòng chính","10.7626","106.6601","0.98"
"LOG-2-0490","EMP-2007","Đặng Văn G 7","Engineering","Nhận diện Khuôn mặt","Giờ ra","DEV-01","Máy quét cổng chính","27/02/2026 17:03:14","Văn phòng chính","10.7626","106.6601","0.98"
"LOG-2-0491","EMP-2011","Trịnh Văn L 11","Engineering","Nhận diện Khuôn mặt","Giờ ra","DEV-01","Máy quét cổng chính","27/02/2026 17:05:17","Văn phòng chính","10.7626","106.6601","0.98"
"LOG-2-0492","EMP-2004","Phạm Thị D 4","Engineering","Nhận diện Khuôn mặt","Giờ ra","DEV-01","Máy quét cổng chính","27/02/2026 17:15:55","Văn phòng chính","10.7626","106.6601","0.98"
"LOG-2-0493","EMP-2010","Lý Thị K 10","Engineering","Nhận diện Khuôn mặt","Giờ ra","DEV-01","Máy quét cổng chính","27/02/2026 17:20:10","Văn phòng chính","10.7626","106.6601","0.98"
"LOG-2-0494","EMP-2008","Bùi Thị H 8","Engineering","Nhận diện Khuôn mặt","Giờ ra","DEV-01","Máy quét cổng chính","27/02/2026 17:23:39","Văn phòng chính","10.7626","106.6601","0.98"
"LOG-2-0495","EMP-2001","Nguyễn Văn A 1 (Test)","Engineering","Nhận diện Khuôn mặt","Giờ ra","DEV-01","Máy quét cổng chính","27/02/2026 17:32:46","Văn phòng chính","10.7626","106.6601","0.98"
"LOG-2-0496","EMP-2013","Hồ Văn N 13","Engineering","Nhận diện Khuôn mặt","Giờ ra","DEV-01","Máy quét cổng chính","27/02/2026 18:21:56","Văn phòng chính","10.7626","106.6601","0.98"
"LOG-2-0497","EMP-2014","Huỳnh Thị O 14","Engineering","Nhận diện Khuôn mặt","Giờ ra","DEV-01","Máy quét cổng chính","27/02/2026 18:23:00","Văn phòng chính","10.7626","106.6601","0.98"
"LOG-2-0498","EMP-2003","Lê Văn C 3","Engineering","Nhận diện Khuôn mặt","Giờ ra","DEV-01","Máy quét cổng chính","27/02/2026 18:26:40","Văn phòng chính","10.7626","106.6601","0.98"
"LOG-2-0499","EMP-2002","Trần Thị B 2","Engineering","Nhận diện Khuôn mặt","Giờ ra","DEV-01","Máy quét cổng chính","27/02/2026 18:27:42","Văn phòng chính","10.7626","106.6601","0.98"
"LOG-2-0500","EMP-2012","Đỗ Thị M 12","Engineering","Nhận diện Khuôn mặt","Giờ ra","DEV-01","Máy quét cổng chính","27/02/2026 18:58:39","Văn phòng chính","10.7626","106.6601","0.98"
